distance_to_goal,angle_to_goal,shot_x,shot_y,body_part,shot_type,play_pattern,is_penalty,is_free_kick,is_header,is_foot,is_first_time,under_pressure,is_one_on_one,is_open_goal,is_set_piece,is_goal,match_id,competition_name,season_name,minute,second,outcome,statsbomb_xg
23.507980692734968,17.693239485801843,96.5,35.6125,left_foot,open_play,regular_play,0,0,0,1,1,1,0,0,0,0,3857276,FIFA World Cup,2022,2,5,Blocked,0.038882375
36.36413927209057,11.413474779562732,83.9,39.375,left_foot,open_play,from_throw_in,0,0,0,1,1,0,0,0,0,1,3857276,FIFA World Cup,2022,3,29,Goal,0.024477394
33.229504961705345,12.55998890836108,86.8,33.6,right_foot,free_kick,from_free_kick,0,1,0,1,0,0,0,0,1,0,3857276,FIFA World Cup,2022,8,18,Blocked,0.02207015
14.891068002329451,24.547847505113978,107.0,42.2625,left_foot,open_play,from_corner,0,0,0,1,0,0,0,0,1,0,3857276,FIFA World Cup,2022,9,9,Wayward,0.06158555
8.050087344246647,43.651700807917976,113.3,30.5375,right_foot,open_play,from_counter,0,0,0,1,1,0,0,0,0,0,3857276,FIFA World Cup,2022,14,7,Off T,0.27914461
25.618596760946918,14.368810033769583,97.5,47.25,left_foot,open_play,from_goal_kick,0,0,0,1,0,0,0,0,0,0,3857276,FIFA World Cup,2022,15,6,Off T,0.022624016
16.94586970326398,18.34305012716287,107.6,46.55,right_foot,open_play,from_throw_in,0,0,0,1,0,0,1,0,0,1,3857276,FIFA World Cup,2022,22,36,Goal,0.10405799
13.121189923173883,29.155552442977605,107.9,29.925,right_foot,open_play,regular_play,0,0,0,1,1,0,0,0,0,0,3857276,FIFA World Cup,2022,32,45,Blocked,0.09711841
14.443299700899377,26.333857252776806,106.8,40.8625,right_foot,open_play,from_free_kick,0,0,0,1,1,0,0,0,1,0,3857276,FIFA World Cup,2022,47,18,Wayward,0.094470315
14.936950826724983,27.477702939582073,105.1,36.05,left_foot,open_play,regular_play,0,0,0,1,1,0,0,0,0,0,3857276,FIFA World Cup,2022,57,6,Off T,0.051903803
8.055442647676164,47.95288003648164,112.2,32.9875,head,open_play,from_corner,0,0,1,0,0,1,0,0,1,0,3857276,FIFA World Cup,2022,70,55,Post,0.086874224
1.8439088914585782,138.69142519047546,118.8,36.4,head,open_play,from_corner,0,0,1,0,0,1,0,1,1,0,3857276,FIFA World Cup,2022,70,57,Off T,0.638813
10.353049067786742,19.748885351664317,115.4,25.725,left_foot,open_play,from_free_kick,0,0,0,1,1,0,0,0,1,0,3857271,FIFA World Cup,2022,7,15,Off T,0.23307544
23.161069842518074,14.815868995881857,101.1,48.3875,left_foot,open_play,regular_play,0,0,0,1,0,0,0,0,0,0,3857271,FIFA World Cup,2022,26,58,Saved,0.028282227
10.342214765223158,27.309228263552065,113.4,42.9625,right_foot,open_play,from_free_kick,0,0,0,1,1,0,0,0,1,0,3857271,FIFA World Cup,2022,29,8,Off T,0.06697492
9.519724588978402,42.00089940763678,110.5,35.6125,head,open_play,from_corner,0,0,1,0,0,1,0,0,1,0,3857271,FIFA World Cup,2022,31,47,Post,0.06988547
8.1891696770796,47.49651851141807,112.0,33.25,head,open_play,regular_play,0,0,1,0,0,1,0,0,0,1,3857271,FIFA World Cup,2022,34,9,Goal,0.08285139
15.954079611497498,25.76489683011387,104.1,33.6875,left_foot,open_play,from_corner,0,0,0,1,1,0,0,0,1,1,3857271,FIFA World Cup,2022,42,46,Goal,0.061030492
9.327513066192939,41.829331322164805,111.0,37.45,right_foot,open_play,regular_play,0,0,0,1,1,0,0,0,0,1,3857271,FIFA World Cup,2022,45,17,Goal,0.1885282
15.62849960808778,23.327292351029108,106.4,42.7,right_foot,open_play,regular_play,0,0,0,1,1,0,0,0,0,0,3857271,FIFA World Cup,2022,55,4,Off T,0.11232807
28.231921759773982,13.701362609428775,93.9,24.2375,right_foot,free_kick,from_free_kick,0,1,0,1,0,0,0,0,1,0,3857271,FIFA World Cup,2022,50,11,Blocked,0.042866398
25.65904141331082,14.080069846989469,97.9,21.9625,left_foot,open_play,from_free_kick,0,0,0,1,1,0,0,0,1,0,3857271,FIFA World Cup,2022,58,56,Blocked,0.021548782
36.41351268759992,11.413751096822768,83.8,31.0625,right_foot,open_play,regular_play,0,0,0,1,0,0,0,0,0,0,3857271,FIFA World Cup,2022,60,16,Off T,0.0065368367
15.699606882020968,24.78074690101274,105.3,40.5125,left_foot,open_play,regular_play,0,0,0,1,0,0,0,0,0,1,3857271,FIFA World Cup,2022,61,26,Goal,0.080026746
12.45351356043747,28.01757205080609,109.7,42.0,right_foot,open_play,from_throw_in,0,0,0,1,1,1,0,0,0,1,3857271,FIFA World Cup,2022,64,33,Goal,0.065701395
17.822567330494223,21.652007585609407,103.5,28.2625,right_foot,open_play,from_throw_in,0,0,0,1,0,0,0,0,0,0,3857271,FIFA World Cup,2022,69,3,Blocked,0.045791544
22.66147612138274,17.999629166935115,97.8,30.45,left_foot,open_play,from_throw_in,0,0,0,1,1,0,0,0,0,0,3857271,FIFA World Cup,2022,69,5,Off T,0.028478073
12.307879843823628,28.63447147759272,109.7,41.7375,left_foot,open_play,from_goal_kick,0,0,0,1,0,0,0,0,0,1,3857271,FIFA World Cup,2022,70,51,Goal,0.40810898
19.62678335846198,16.348492120907846,105.1,47.775,right_foot,open_play,from_counter,0,0,0,1,1,1,0,0,0,0,3857271,FIFA World Cup,2022,76,20,Off T,0.06202265
14.75182721733142,22.225737129925378,108.6,44.3625,left_foot,open_play,regular_play,0,0,0,1,0,0,0,0,0,0,3857271,FIFA World Cup,2022,83,5,Blocked,0.0776978
8.000478501314781,49.16390114998748,112.0,34.9125,right_foot,open_play,from_free_kick,0,0,0,1,1,0,0,0,1,1,3857271,FIFA World Cup,2022,89,1,Goal,0.6262809
12.325082403375642,25.683422671980054,110.9,26.6875,right_foot,open_play,regular_play,0,0,0,1,0,0,1,0,0,0,3857271,FIFA World Cup,2022,97,41,Saved to Post,0.35130003
12.0,33.92341177306582,108.0,35.0,right_foot,penalty,other,1,0,0,1,0,0,0,0,1,1,3857271,FIFA World Cup,2022,102,30,Goal,0.7835
22.21127247592987,14.617403370519082,102.9,20.825,right_foot,open_play,from_kick_off,0,0,0,1,0,0,0,0,0,0,3857296,FIFA World Cup,2022,0,8,Off T,0.03397081
18.16715786797704,18.768786282425616,105.3,24.325,right_foot,open_play,from_free_kick,0,0,0,1,0,0,0,0,1,0,3857296,FIFA World Cup,2022,9,7,Blocked,0.05519996
9.914761721796443,14.501001012263655,117.0,25.55,right_foot,open_play,from_free_kick,0,0,0,1,0,0,0,0,1,0,3857296,FIFA World Cup,2022,10,51,Blocked,0.020840297
15.73305139666174,24.830488289890656,105.2,29.6625,right_foot,open_play,from_counter,0,0,0,1,1,1,0,0,0,0,3857296,FIFA World Cup,2022,12,56,Off T,0.1934709
27.6623192492965,14.88542850530734,92.7,30.5375,right_foot,open_play,regular_play,0,0,0,1,0,0,0,0,0,0,3857296,FIFA World Cup,2022,24,50,Blocked,0.025340356
20.41789962263504,20.12576640545518,99.8,32.025,left_foot,open_play,from_throw_in,0,0,0,1,0,0,0,0,0,0,3857296,FIFA World Cup,2022,32,19,Blocked,0.054300383
8.100935516963455,47.54874301336543,112.2,37.1875,head,open_play,from_throw_in,0,0,1,0,0,1,0,0,0,0,3857296,FIFA World Cup,2022,32,28,Off T,0.104244776
8.626268022731495,20.40001509524832,116.9,43.05,left_foot,open_play,regular_play,0,0,0,1,1,0,0,0,0,0,3857296,FIFA World Cup,2022,41,14,Wayward,0.108029366
28.045902664203904,13.36740479025889,94.9,22.4875,left_foot,open_play,regular_play,0,0,0,1,0,0,0,0,0,0,3857296,FIFA World Cup,2022,44,42,Off T,0.024362085
11.632390124131842,34.62392701004841,108.5,33.25,head,open_play,from_throw_in,0,0,1,0,0,0,0,0,0,0,3857296,FIFA World Cup,2022,48,47,Wayward,0.08771692
19.668856251699033,18.32698539531536,103.1,45.0625,right_foot,open_play,from_throw_in,0,0,0,1,1,0,0,0,0,0,3857296,FIFA World Cup,2022,48,56,Off T,0.041306578
21.67063465268149,17.038043109943846,100.9,24.7625,left_foot,open_play,from_corner,0,0,0,1,1,0,0,0,1,0,3857296,FIFA World Cup,2022,47,54,Wayward,0.026916144
5.657351412100895,44.518756589183724,117.5,29.925,head,open_play,from_corner,0,0,1,0,0,1,0,0,1,0,3857296,FIFA World Cup,2022,48,2,Saved,0.1189759
18.668489494332416,19.375462690142438,103.9,25.55,right_foot,open_play,from_keeper,0,0,0,1,0,0,0,0,0,0,3857296,FIFA World Cup,2022,49,15,Saved,0.07960723
25.632063050991427,16.053014087655136,94.7,30.8875,left_foot,open_play,from_corner,0,0,0,1,0,0,0,0,1,0,3857296,FIFA World Cup,2022,49,54,Off T,0.024012579
20.195950243798872,19.51535919893062,100.9,28.4375,left_foot,open_play,from_goal_kick,0,0,0,1,0,1,0,0,0,0,3857296,FIFA World Cup,2022,50,38,Off T,0.048855886
19.504106138195624,21.15282118620315,100.6,32.9875,left_foot,open_play,regular_play,0,0,0,1,1,1,0,0,0,0,3857296,FIFA World Cup,2022,53,8,Saved,0.10219261
18.29665696923895,18.15916298610756,105.6,46.2875,left_foot,open_play,from_throw_in,0,0,0,1,0,1,0,0,0,0,3857296,FIFA World Cup,2022,53,42,Saved,0.071706615
7.894390809302517,47.12904973317262,112.8,31.7625,right_foot,open_play,from_keeper,0,0,0,1,0,0,0,0,0,0,3857296,FIFA World Cup,2022,59,47,Blocked,0.09935363
10.315226912191507,36.20168884856076,110.7,39.4625,right_foot,open_play,from_keeper,0,0,0,1,1,1,0,0,0,0,3857296,FIFA World Cup,2022,59,49,Post,0.19960539
7.140476612243757,53.3413675178297,113.1,36.8375,head,open_play,regular_play,0,0,1,0,0,0,0,0,0,0,3857296,FIFA World Cup,2022,61,50,Off T,0.30245224
13.328751817030728,30.6549856605891,106.7,34.125,right_foot,open_play,from_free_kick,0,0,0,1,0,0,0,0,1,0,3857296,FIFA World Cup,2022,67,9,Saved,0.07160131
19.60184940254363,9.083964080365558,111.9,52.85,right_foot,open_play,from_goal_kick,0,0,0,1,1,1,0,0,0,0,3857296,FIFA World Cup,2022,68,11,Saved,0.0061408128
8.00867693504989,46.86968260398039,112.6,31.9375,head,open_play,from_corner,0,0,1,0,0,1,0,0,1,0,3857296,FIFA World Cup,2022,77,41,Blocked,0.07045005
14.887541981468935,18.466036097976236,110.5,46.4625,right_foot,open_play,from_corner,0,0,0,1,1,0,0,0,1,0,3857296,FIFA World Cup,2022,86,9,Blocked,0.04308796
5.595142982980866,61.46634014592336,115.5,38.325,left_foot,open_play,from_corner,0,0,0,1,0,0,0,0,1,0,3857296,FIFA World Cup,2022,86,9,Off T,0.4909717
3.5130337672729475,93.17040740972595,117.4,32.6375,other,open_play,regular_play,0,0,0,0,0,0,0,0,0,0,3857296,FIFA World Cup,2022,89,41,Saved,0.5721495
20.937421641644423,18.47716303785983,100.6,27.125,left_foot,open_play,from_throw_in,0,0,0,1,0,0,0,0,0,1,3857274,FIFA World Cup,2022,5,3,Goal,0.059259485
15.67043394421482,22.287622644857013,107.0,26.25,left_foot,open_play,from_free_kick,0,0,0,1,1,0,0,0,1,0,3857274,FIFA World Cup,2022,10,39,Blocked,0.062208217
25.266903376749596,16.443046843819882,94.8,33.1625,right_foot,open_play,from_throw_in,0,0,0,1,0,0,0,0,0,0,3857274,FIFA World Cup,2022,23,32,Blocked,0.030668529
9.205195543821983,39.028115853091016,112.1,30.275,left_foot,open_play,regular_play,0,0,0,1,1,0,0,0,0,0,3857274,FIFA World Cup,2022,26,56,Wayward,0.069653474
24.182667475901003,13.956616573784208,100.6,20.5625,right_foot,open_play,regular_play,0,0,0,1,0,0,0,0,0,0,3857274,FIFA World Cup,2022,31,53,Saved,0.029882463
11.992608400594092,28.81117116737658,110.2,41.9125,head,open_play,from_free_kick,0,0,1,0,0,1,0,0,1,0,3857274,FIFA World Cup,2022,46,49,Blocked,0.024015462
22.943898971186222,15.472311880475647,100.6,47.25,right_foot,open_play,from_corner,0,0,0,1,1,1,0,0,1,0,3857274,FIFA World Cup,2022,47,48,Blocked,0.022953799
8.767562731455076,42.693839663334735,112.0,38.5875,left_foot,open_play,from_corner,0,0,0,1,0,0,0,0,1,0,3857274,FIFA World Cup,2022,47,49,Wayward,0.18923391
17.303255654644882,19.972743554438335,105.8,25.1125,left_foot,open_play,regular_play,0,0,0,1,0,0,0,0,0,0,3857274,FIFA World Cup,2022,48,43,Saved,0.08083876
4.331732476734915,79.6105623959163,116.0,33.3375,right_foot,open_play,from_counter,0,0,0,1,1,0,0,1,0,1,3857274,FIFA World Cup,2022,48,44,Goal,0.790909
18.132433820367304,22.67366303913198,102.0,32.8125,right_foot,open_play,from_throw_in,0,0,0,1,1,0,0,0,0,0,3857274,FIFA World Cup,2022,58,46,Blocked,0.09564507
19.26630802722722,17.913246329902087,104.2,46.025,left_foot,open_play,from_throw_in,0,0,0,1,0,0,0,0,0,0,3857274,FIFA World Cup,2022,58,48,Post,0.046335444
15.002416472022105,27.260103512762274,105.1,33.25,left_foot,open_play,regular_play,0,0,0,1,1,1,0,0,0,0,3857274,FIFA World Cup,2022,63,19,Wayward,0.13418972
23.513191111586703,17.68570504311283,96.5,35.7875,left_foot,open_play,regular_play,0,0,0,1,1,0,0,0,0,0,3857274,FIFA World Cup,2022,65,12,Off T,0.04520454
19.19024817452864,19.113152310084498,103.2,25.725,right_foot,open_play,regular_play,0,0,0,1,0,1,0,0,0,0,3857274,FIFA World Cup,2022,72,33,Blocked,0.03323832
29.24728887008162,12.119064134499489,95.3,50.6625,right_foot,open_play,from_corner,0,0,0,1,1,0,0,0,1,0,3857274,FIFA World Cup,2022,80,21,Off T,0.007451811
21.15870092893228,19.5773410617388,98.9,33.425,head,open_play,from_throw_in,0,0,1,0,0,0,0,0,0,0,3857274,FIFA World Cup,2022,91,54,Saved,0.033830326
23.61120298184741,17.193752237477895,97.0,40.3375,left_foot,open_play,regular_play,0,0,0,1,0,0,0,0,0,0,3857255,FIFA World Cup,2022,6,3,Off T,0.03268242
13.248968120197135,15.15643959681251,114.0,46.8125,right_foot,open_play,regular_play,0,0,0,1,0,0,0,0,0,0,3857255,FIFA World Cup,2022,7,12,Off T,0.04214545
10.808908363012423,35.555462916827786,109.9,31.15,head,open_play,from_corner,0,0,1,0,0,0,0,0,1,0,3857255,FIFA World Cup,2022,8,52,Saved,0.06376064
4.929772433895911,72.4098893966634,115.3,33.5125,head,open_play,regular_play,0,0,1,0,0,1,0,0,0,1,3857255,FIFA World Cup,2022,11,0,Goal,0.33106714
18.36062362775295,19.084031871724093,104.7,45.15,right_foot,open_play,regular_play,0,0,0,1,1,0,0,0,0,0,3857255,FIFA World Cup,2022,22,34,Saved,0.10093839
18.16514949704516,16.73026954810588,107.0,47.6875,right_foot,open_play,regular_play,0,0,0,1,0,0,0,0,0,0,3857255,FIFA World Cup,2022,35,50,Blocked,0.03356069
17.70536641812307,22.761068105199108,102.8,30.8,right_foot,open_play,from_goal_kick,0,0,0,1,0,0,0,0,0,0,3857255,FIFA World Cup,2022,41,54,Blocked,0.10385344
23.903569294145175,14.349297806900976,100.5,48.825,left_foot,open_play,regular_play,0,0,0,1,0,0,0,0,0,1,3857255,FIFA World Cup,2022,47,48,Goal,0.027777622
1.3117259622344872,140.81732567419579,118.7,35.175,other,open_play,from_free_kick,0,0,0,0,0,0,0,1,1,1,3857255,FIFA World Cup,2022,50,14,Goal,0.87261814
19.766927081617922,20.72081543086509,100.5,31.7625,right_foot,open_play,from_counter,0,0,0,1,1,0,0,0,0,0,3857255,FIFA World Cup,2022,69,50,Off T,0.13121767
20.963811825381377,14.634871008973027,104.8,20.5625,left_foot,open_play,from_throw_in,0,0,0,1,0,0,0,0,0,0,3857255,FIFA World Cup,2022,73,12,Blocked,0.016301522
34.147879235027176,12.079581827856561,86.3,40.5125,right_foot,open_play,from_throw_in,0,0,0,1,0,0,0,0,0,0,3857255,FIFA World Cup,2022,79,18,Blocked,0.01649772
16.023907919106374,25.698837152591132,104.0,34.125,head,open_play,from_free_kick,0,0,1,0,0,0,1,0,1,0,3857255,FIFA World Cup,2022,82,21,Saved,0.0504811
25.50166967572908,14.929187554010232,96.8,45.5875,left_foot,open_play,regular_play,0,0,0,1,0,0,0,0,0,0,3857255,FIFA World Cup,2022,84,30,Blocked,0.02842248
24.855595446498555,14.98426961039163,97.9,23.625,right_foot,open_play,from_throw_in,0,0,0,1,0,0,0,0,0,0,3857255,FIFA World Cup,2022,88,28,Blocked,0.0241939
31.658196509750837,10.56677351530477,94.8,54.1625,left_foot,open_play,from_throw_in,0,0,0,1,0,0,0,0,0,0,3857255,FIFA World Cup,2022,88,49,Saved,0.007735879
13.82931668593933,20.325403115270884,111.0,45.5,right_foot,open_play,from_throw_in,0,0,0,1,1,0,0,0,0,0,3857255,FIFA World Cup,2022,89,8,Saved,0.12373556
29.78096078033749,12.19977739896866,94.2,49.875,right_foot,open_play,from_throw_in,0,0,0,1,0,0,0,0,0,0,3857255,FIFA World Cup,2022,95,29,Off T,0.008523117
11.330738060691363,35.245043505960965,108.9,37.275,right_foot,open_play,from_throw_in,0,0,0,1,1,0,0,0,0,0,3857272,FIFA World Cup,2022,9,11,Blocked,0.10607713
10.869251354164184,37.043572856132606,109.2,33.775,head,open_play,from_corner,0,0,1,0,0,1,0,0,1,0,3857272,FIFA World Cup,2022,9,56,Wayward,0.04222343
28.12614442116089,13.649708707744853,94.2,23.8,right_foot,open_play,from_corner,0,0,0,1,1,0,0,0,1,0,3857272,FIFA World Cup,2022,10,8,Off T,0.019677445
12.379626660364202,31.91567412147799,108.1,38.4125,head,open_play,regular_play,0,0,1,0,0,1,0,0,0,0,3857272,FIFA World Cup,2022,16,3,Off T,0.048006557
9.510068677459696,42.068776470210494,110.5,34.5625,right_foot,open_play,from_free_kick,0,0,0,1,1,0,0,0,1,0,3857272,FIFA World Cup,2022,25,7,Off T,0.18268152
29.98293525073888,12.580849432599422,93.0,21.9625,right_foot,open_play,from_free_kick,0,0,0,1,0,0,0,0,1,0,3857272,FIFA World Cup,2022,28,6,Saved,0.016826272
19.268692223396993,15.54476389045926,106.4,21.35,left_foot,open_play,regular_play,0,0,0,1,0,0,0,0,0,0,3857272,FIFA World Cup,2022,32,7,Post,0.023374733
15.03329637837291,21.430187812208526,108.6,44.8,left_foot,open_play,from_throw_in,0,0,0,1,0,0,0,0,0,0,3857272,FIFA World Cup,2022,40,40,Blocked,0.056137927
10.295751551003939,38.32417936743834,110.0,37.45,head,open_play,from_throw_in,0,0,1,0,0,1,0,0,0,0,3857272,FIFA World Cup,2022,42,11,Off T,0.05394238
7.608229508236458,48.20980424204379,113.2,31.5875,left_foot,open_play,from_throw_in,0,0,0,1,1,1,0,0,0,0,3857272,FIFA World Cup,2022,44,16,Off T,0.08680134
20.847185811279186,19.07705427940085,100.1,28.7875,right_foot,open_play,regular_play,0,0,0,1,1,0,0,0,0,0,3857272,FIFA World Cup,2022,45,26,Saved,0.0710417
16.942739042138378,19.85485175120548,106.5,24.7625,right_foot,open_play,from_counter,0,0,0,1,0,0,0,0,0,0,3857272,FIFA World Cup,2022,48,15,Blocked,0.0422633
24.09494565775154,15.026674155856668,99.2,47.1625,right_foot,open_play,regular_play,0,0,0,1,0,0,0,0,0,0,3857272,FIFA World Cup,2022,48,18,Off T,0.032319076
25.07319597199368,14.155957652938582,98.8,21.6125,right_foot,open_play,regular_play,0,0,0,1,0,0,0,0,0,0,3857272,FIFA World Cup,2022,57,51,Blocked,0.025169194
24.70015498433158,16.857096739800287,95.3,35.0875,left_foot,open_play,from_corner,0,0,0,1,0,0,0,0,1,0,3857272,FIFA World Cup,2022,61,54,Blocked,0.033566043
22.389230809699562,12.437653516979351,105.3,18.1125,right_foot,open_play,from_throw_in,0,0,0,1,0,0,0,0,0,0,3857272,FIFA World Cup,2022,86,43,Saved,0.009332121
10.334174192938683,38.363972356559046,109.9,32.8125,head,open_play,from_corner,0,0,1,0,0,1,0,0,1,0,3857272,FIFA World Cup,2022,90,50,Saved,0.05556727
8.827797007181347,44.94739203299903,111.2,35.7,head,open_play,from_free_kick,0,0,1,0,0,1,0,0,1,0,3857272,FIFA World Cup,2022,92,51,Off T,0.06991791
19.56350237048571,21.130439039046372,100.5,33.425,left_foot,open_play,from_free_kick,0,0,0,1,0,0,0,0,1,0,3857278,FIFA World Cup,2022,8,38,Off T,0.045798708
10.622264353705386,36.0839587510918,110.1,31.15,head,open_play,from_free_kick,0,0,1,0,0,1,0,0,1,0,3857278,FIFA World Cup,2022,10,32,Saved,0.080380306
22.10842952925422,17.919006066596026,99.0,28.0875,right_foot,open_play,from_corner,0,0,0,1,0,0,0,0,1,0,3857278,FIFA World Cup,2022,27,8,Blocked,0.040954046
10.90688572645739,35.53507050803737,109.7,31.4125,head,open_play,from_corner,0,0,1,0,0,0,0,0,1,0,3857278,FIFA World Cup,2022,27,10,Saved,0.12157792
20.029244244354306,19.44295507776876,101.3,42.175,left_foot,open_play,regular_play,0,0,0,1,0,0,0,0,0,0,3857278,FIFA World Cup,2022,29,16,Blocked,0.05512647
16.73032893430371,17.242739067485473,108.7,47.3375,right_foot,open_play,from_throw_in,0,0,0,1,1,0,0,0,0,0,3857278,FIFA World Cup,2022,32,45,Off T,0.04585104
20.209160206450935,18.446498613318283,102.0,44.1875,right_foot,open_play,from_corner,0,0,0,1,1,0,0,0,1,0,3857278,FIFA World Cup,2022,36,0,Blocked,0.043695714
5.03029882313169,71.63364618702258,115.1,33.8625,right_foot,open_play,regular_play,0,0,0,1,1,0,0,1,0,1,3857278,FIFA World Cup,2022,37,49,Goal,0.5303789
15.884273865997148,10.076483477223649,114.2,49.7875,right_foot,open_play,regular_play,0,0,0,1,0,0,1,0,0,0,3857278,FIFA World Cup,2022,41,31,Wayward,0.011004616
16.361616668288008,16.05799780200424,110.0,22.05,left_foot,open_play,regular_play,0,0,0,1,1,0,0,0,0,0,3857278,FIFA World Cup,2022,46,45,Saved,0.05674209
6.008652615187541,62.264548298493835,114.1,33.8625,head,open_play,from_throw_in,0,0,1,0,0,1,0,0,0,0,3857278,FIFA World Cup,2022,51,11,Off T,0.39133456
23.180544778973594,17.813938315314783,97.0,37.8875,right_foot,free_kick,from_free_kick,0,1,0,1,0,0,0,0,1,0,3857278,FIFA World Cup,2022,68,45,Off T,0.080397844
33.26027097003271,11.066441508970803,90.8,19.075,right_foot,open_play,from_throw_in,0,0,0,1,0,0,0,0,0,0,3857278,FIFA World Cup,2022,69,53,Off T,0.006830182
9.78889677134252,38.633723649368896,111.0,31.15,head,open_play,from_free_kick,0,0,1,0,0,1,0,0,1,0,3857278,FIFA World Cup,2022,92,28,Off T,0.21722858
8.91074667185641,44.62526457777288,111.1,34.5625,left_foot,open_play,from_free_kick,0,0,0,1,1,0,0,0,1,0,3857278,FIFA World Cup,2022,97,53,Saved,0.30539662
20.505308001832113,14.99912949509536,105.1,20.9125,left_foot,open_play,regular_play,0,0,0,1,1,0,0,0,0,0,3857278,FIFA World Cup,2022,99,26,Saved,0.057746947
24.13731550939333,16.544686798644932,96.9,28.0,right_foot,open_play,regular_play,0,0,0,1,0,1,0,0,0,0,3857277,FIFA World Cup,2022,6,59,Blocked,0.026111592
18.328874931375353,22.330976156541425,101.9,37.8875,left_foot,open_play,regular_play,0,0,0,1,0,0,0,0,0,0,3857277,FIFA World Cup,2022,12,48,Blocked,0.052363984
37.5202611931207,11.021105323552483,82.9,29.4,left_foot,open_play,from_throw_in,0,0,0,1,0,0,0,0,0,0,3857277,FIFA World Cup,2022,16,13,Off T,0.00976612
24.026212898623864,16.829388321308624,96.7,40.8625,left_foot,open_play,from_throw_in,0,0,0,1,0,0,0,0,0,0,3857277,FIFA World Cup,2022,18,7,Blocked,0.04188839
25.601281706195884,16.210947550158533,94.5,32.725,left_foot,free_kick,from_free_kick,0,1,0,1,0,0,0,0,1,0,3857277,FIFA World Cup,2022,20,7,Blocked,0.06625415
7.756056101524796,19.003245873353844,117.8,27.5625,left_foot,open_play,from_throw_in,0,0,0,1,0,1,0,0,0,0,3857277,FIFA World Cup,2022,24,25,Blocked,0.03416934
6.499723551813567,53.363510044400144,114.7,31.2375,right_foot,open_play,from_free_kick,0,0,0,1,1,0,0,0,1,0,3857277,FIFA World Cup,2022,45,11,Saved,0.44776994
15.73305139666174,24.830488289890656,105.2,29.6625,right_foot,open_play,from_throw_in,0,0,0,1,1,0,0,0,0,0,3857277,FIFA World Cup,2022,46,48,Blocked,0.06879163
21.20884617913007,19.57459462595386,98.8,34.3875,left_foot,open_play,from_throw_in,0,0,0,1,1,0,0,0,0,0,3857277,FIFA World Cup,2022,46,49,Off T,0.073204115
26.028842175555948,15.991305992971661,94.0,33.775,left_foot,open_play,regular_play,0,0,0,1,0,0,0,0,0,0,3857277,FIFA World Cup,2022,50,26,Blocked,0.042848527
10.554264540933206,19.344762851123058,115.3,25.55,head,open_play,from_counter,0,0,1,0,0,1,1,0,0,0,3857277,FIFA World Cup,2022,50,29,Saved,0.07962643
7.375127117548548,52.5040392854199,112.7,33.95,left_foot,open_play,from_corner,0,0,0,1,1,0,0,0,1,0,3857277,FIFA World Cup,2022,51,55,Blocked,0.2503287
32.36613054181794,12.569151114022837,88.5,27.5625,right_foot,open_play,from_free_kick,0,0,0,1,1,0,0,0,1,0,3857277,FIFA World Cup,2022,64,6,Saved,0.019376563
25.32815873686834,13.436309072281851,99.5,20.125,right_foot,open_play,from_goal_kick,0,0,0,1,0,1,0,0,0,0,3857273,FIFA World Cup,2022,2,2,Off T,0.023614733
24.065119987234635,16.436464694417,97.2,27.3,right_foot,open_play,regular_play,0,0,0,1,0,0,0,0,0,0,3857273,FIFA World Cup,2022,6,37,Saved,0.035244513
9.277063449712958,40.236097862823996,111.6,38.9375,right_foot,open_play,from_throw_in,0,0,0,1,1,0,0,0,0,0,3857273,FIFA World Cup,2022,11,22,Saved,0.12850787
25.056186860733618,16.27181218597353,95.5,29.75,right_foot,open_play,from_counter,0,0,0,1,0,0,0,0,0,0,3857273,FIFA World Cup,2022,19,10,Blocked,0.017788952
11.38711580032451,33.21466701472151,109.6,30.3625,head,open_play,from_free_kick,0,0,1,0,0,1,0,0,1,0,3857273,FIFA World Cup,2022,22,36,Off T,0.07202582
31.250422497143933,13.297901464889726,88.9,31.9375,left_foot,open_play,from_throw_in,0,0,0,1,1,0,0,0,0,0,3857273,FIFA World Cup,2022,28,48,Saved,0.02170084
19.32487063346091,16.4248988538641,105.5,22.225,left_foot,open_play,from_goal_kick,0,0,0,1,1,0,0,0,0,0,3857273,FIFA World Cup,2022,41,9,Blocked,0.030164797
14.338497131847532,28.573991413685015,105.7,33.95,left_foot,open_play,from_free_kick,0,0,0,1,1,0,0,0,1,0,3857273,FIFA World Cup,2022,48,50,Wayward,0.08566745
34.35754102085887,11.900800972457366,86.4,42.175,right_foot,open_play,from_free_kick,0,0,0,1,0,0,0,0,1,0,3857273,FIFA World Cup,2022,49,3,Saved,0.011584845
13.11631260110859,24.769360995125293,110.0,43.4875,right_foot,open_play,from_counter,0,0,0,1,0,1,1,0,0,0,3857273,FIFA World Cup,2022,50,58,Post,0.28799564
23.850366873488547,16.72409993394925,97.2,42.0,left_foot,open_play,regular_play,0,0,0,1,0,0,0,0,0,0,3857273,FIFA World Cup,2022,51,8,Post,0.04282673
9.594562262031552,39.94712823190071,111.0,31.675,head,open_play,from_counter,0,0,1,0,0,0,1,0,0,0,3857273,FIFA World Cup,2022,51,9,Saved,0.21401532
5.600683552031835,66.32599076535,114.4,34.9125,head,open_play,regular_play,0,0,1,0,0,0,0,0,0,0,3857273,FIFA World Cup,2022,52,19,Off T,0.22100283
16.541203289059723,23.422726634305324,104.6,28.9625,left_foot,open_play,from_throw_in,0,0,0,1,1,0,0,0,0,0,3857273,FIFA World Cup,2022,55,28,Blocked,0.068153165
15.888222839575235,21.55551071146335,107.1,25.725,right_foot,open_play,from_counter,0,0,0,1,0,1,0,0,0,0,3857273,FIFA World Cup,2022,63,39,Blocked,0.075855605
29.904180309782777,13.774168342121385,90.5,39.9,right_foot,open_play,regular_play,0,0,0,1,1,1,0,0,0,0,3857273,FIFA World Cup,2022,69,48,Blocked,0.015279148
19.244808553217673,21.490403258472796,100.8,33.6875,left_foot,open_play,from_corner,0,0,0,1,1,0,0,0,1,0,3857273,FIFA World Cup,2022,71,42,Blocked,0.05160931
22.056040130766903,17.599153518749603,99.5,43.1375,right_foot,open_play,regular_play,0,0,0,1,0,0,0,0,0,0,3857273,FIFA World Cup,2022,72,27,Saved,0.047915842
36.182525564835856,10.934795032130861,85.8,46.8125,right_foot,open_play,from_corner,0,0,0,1,0,0,0,0,1,0,3857273,FIFA World Cup,2022,74,15,Blocked,0.0072957636
20.097920445906837,16.693962182919158,104.0,47.1625,right_foot,open_play,regular_play,0,0,0,1,1,0,0,0,0,0,3857273,FIFA World Cup,2022,82,52,Wayward,0.025361432
23.50090756226236,16.20822877464009,98.6,44.7125,right_foot,open_play,regular_play,0,0,0,1,1,0,0,0,0,0,3857273,FIFA World Cup,2022,82,56,Blocked,0.031851415
19.992311021990428,19.124988235649568,101.7,26.95,left_foot,open_play,regular_play,0,0,0,1,1,0,0,0,0,0,3857273,FIFA World Cup,2022,82,59,Saved,0.053537875
20.767898906726217,19.751817938366507,99.5,31.675,right_foot,open_play,from_free_kick,0,0,0,1,1,0,0,0,1,0,3857273,FIFA World Cup,2022,87,54,Blocked,0.06399969
20.9183083685082,19.832732283705024,99.1,34.125,right_foot,open_play,from_free_kick,0,0,0,1,0,0,0,0,1,0,3857273,FIFA World Cup,2022,87,59,Off T,0.051057886
30.41628881043839,13.585468854985962,89.9,39.375,right_foot,open_play,from_free_kick,0,0,0,1,1,0,0,0,1,0,3857273,FIFA World Cup,2022,95,23,Wayward,0.020104993
12.209934479758685,16.809948813523707,114.4,45.85,right_foot,open_play,from_free_kick,0,0,0,1,0,1,1,0,1,0,3857273,FIFA World Cup,2022,95,25,Saved Off Target,0.059788406
24.145085550687124,15.582430527193058,98.3,45.5875,right_foot,open_play,regular_play,0,0,0,1,0,0,0,0,0,0,3857273,FIFA World Cup,2022,95,43,Blocked,0.031046849
21.56357243709863,18.631731991827706,99.2,40.6875,right_foot,open_play,regular_play,0,0,0,1,0,0,0,0,0,0,3857273,FIFA World Cup,2022,96,12,Blocked,0.031239294
31.50444661075639,12.06887607659188,91.4,21.7875,right_foot,open_play,from_throw_in,0,0,0,1,0,0,0,0,0,0,3857273,FIFA World Cup,2022,97,43,Blocked,0.011336825
24.99590278925729,16.6001614675931,95.1,32.8125,right_foot,open_play,from_throw_in,0,0,0,1,0,0,0,0,0,1,3857273,FIFA World Cup,2022,97,56,Goal,0.03268815
15.891708726565565,24.950024172940658,104.8,39.6375,right_foot,open_play,from_counter,0,0,0,1,0,0,0,0,0,1,3857273,FIFA World Cup,2022,100,37,Goal,0.19933115
11.721408031887638,24.444824039566797,112.3,26.1625,left_foot,open_play,regular_play,0,0,0,1,0,0,0,0,0,0,3857275,FIFA World Cup,2022,24,49,Off T,0.08786314
9.141970520626277,43.50586004211703,110.9,35.875,head,open_play,from_throw_in,0,0,1,0,0,0,0,0,0,0,3857275,FIFA World Cup,2022,29,11,Saved,0.1007914
27.126396853434116,14.159826155697129,95.1,45.7625,left_foot,open_play,from_throw_in,0,0,0,1,0,0,0,0,0,0,3857275,FIFA World Cup,2022,34,34,Saved,0.016592033
23.269843682328418,15.568453020000417,99.9,46.725,right_foot,open_play,from_free_kick,0,0,0,1,0,0,0,0,1,0,3857275,FIFA World Cup,2022,46,45,Blocked,0.041162748
28.29868592355482,11.60962683866523,97.9,17.325,right_foot,open_play,regular_play,0,0,0,1,0,0,0,0,0,0,3857275,FIFA World Cup,2022,46,59,Off T,0.010898009
16.25423021862309,8.629791337966813,114.8,19.6,right_foot,open_play,from_throw_in,0,0,0,1,0,0,1,0,0,0,3857275,FIFA World Cup,2022,51,29,Off T,0.013856714
16.810580745470993,24.422846288527225,103.3,33.075,left_foot,open_play,regular_play,0,0,0,1,0,1,0,0,0,1,3857275,FIFA World Cup,2022,57,20,Goal,0.15620883
8.798446240672273,44.85056760877185,111.3,36.3125,head,open_play,from_corner,0,0,1,0,0,1,0,0,1,0,3857275,FIFA World Cup,2022,79,23,Blocked,0.061025612
9.156085749380026,32.794027828859456,113.8,41.7375,right_foot,open_play,from_corner,0,0,0,1,1,0,0,0,1,0,3857275,FIFA World Cup,2022,81,8,Wayward,0.080746524
26.839246566362473,14.011420413055845,95.9,46.8125,right_foot,open_play,from_corner,0,0,0,1,0,0,0,0,1,0,3857275,FIFA World Cup,2022,81,14,Saved,0.020325886
14.786950539242362,21.94869095186558,108.7,25.4625,left_foot,open_play,regular_play,0,0,0,1,0,0,0,0,0,0,3857275,FIFA World Cup,2022,84,28,Wayward,0.06369618
13.764634257763626,7.578035607690198,116.8,21.6125,right_foot,open_play,regular_play,0,0,0,1,0,0,0,0,0,0,3857275,FIFA World Cup,2022,88,19,Saved,0.01194291
23.736025493961698,17.437120889526845,96.4,32.4625,right_foot,open_play,from_throw_in,0,0,0,1,0,0,0,0,0,0,3857275,FIFA World Cup,2022,89,11,Blocked,0.041042205
25.86291988542671,15.241826522336192,95.6,26.425,right_foot,free_kick,from_free_kick,0,1,0,1,0,0,0,0,1,0,3857275,FIFA World Cup,2022,92,32,Blocked,0.06416701
39.093165962863644,8.897937036875666,87.6,13.125,right_foot,open_play,from_free_kick,0,0,0,1,0,0,0,0,1,0,3857275,FIFA World Cup,2022,92,37,Saved,0.005017159
16.005980327677527,25.751762276894745,104.0,34.5625,right_foot,open_play,from_throw_in,0,0,0,1,1,0,0,0,0,0,3857261,FIFA World Cup,2022,9,11,Saved,0.28441095
25.960751626253035,14.059975968854353,97.4,47.775,left_foot,open_play,from_free_kick,0,0,0,1,0,0,0,0,1,0,3857261,FIFA World Cup,2022,14,3,Off T,0.02354375
12.774999999999999,1.2074182697257333e-06,120.0,47.775,head,open_play,from_free_kick,0,0,1,0,0,1,1,0,1,0,3857261,FIFA World Cup,2022,17,59,Off T,0.01084097
28.231080500930172,11.510610310458793,98.2,17.0625,right_foot,open_play,from_free_kick,0,0,0,1,0,0,0,0,1,0,3857261,FIFA World Cup,2022,23,3,Blocked,0.010357286
15.880038570482126,23.96560357713384,105.5,41.475,left_foot,open_play,regular_play,0,0,0,1,0,0,0,0,0,0,3857261,FIFA World Cup,2022,37,12,Off T,0.05725451
26.614387556357563,15.25984806727471,94.1,41.125,right_foot,open_play,from_goal_kick,0,0,0,1,1,0,0,0,0,0,3857261,FIFA World Cup,2022,38,12,Blocked,0.022615774
12.397605615601742,31.182146470042618,108.4,30.625,right_foot,open_play,regular_play,0,0,0,1,1,0,0,0,0,0,3857261,FIFA World Cup,2022,38,38,Off T,0.081256144
18.878728936292294,21.544010402714427,101.5,31.2375,left_foot,open_play,from_free_kick,0,0,0,1,1,0,0,0,1,0,3857261,FIFA World Cup,2022,43,51,Blocked,0.028181294
21.706277893733876,16.73207165536812,101.2,24.15,right_foot,open_play,regular_play,0,0,0,1,0,0,0,0,0,0,3857261,FIFA World Cup,2022,47,16,Blocked,0.030065771
15.277945706147802,13.470909353411626,112.8,48.475,head,open_play,from_corner,0,0,1,0,0,1,0,0,1,0,3857261,FIFA World Cup,2022,47,55,Saved,0.006450981
21.68530968766644,17.183417203096546,100.7,44.8875,left_foot,open_play,from_throw_in,0,0,0,1,0,0,0,0,0,0,3857261,FIFA World Cup,2022,49,36,Off T,0.04109325
25.668393137280727,15.165065720831448,96.1,25.6375,right_foot,free_kick,from_free_kick,0,1,0,1,0,0,0,0,1,1,3857261,FIFA World Cup,2022,49,17,Goal,0.05780817
7.54330207866555,42.78097990369307,114.5,29.8375,left_foot,open_play,regular_play,0,0,0,1,1,0,0,0,0,1,3857261,FIFA World Cup,2022,50,53,Goal,0.44030064
33.6730256473932,11.052679804098952,90.1,19.5125,right_foot,open_play,from_counter,0,0,0,1,0,0,0,0,0,0,3857261,FIFA World Cup,2022,55,7,Saved,0.00753591
13.53643809316173,23.523730929057287,109.9,44.0125,left_foot,open_play,from_throw_in,0,0,0,1,0,0,0,0,0,1,3857261,FIFA World Cup,2022,67,40,Goal,0.096602984
14.553779577827887,19.689880165568386,110.3,45.85,right_foot,open_play,regular_play,0,0,0,1,1,0,0,0,0,0,3857261,FIFA World Cup,2022,71,21,Saved,0.13184288
21.66550036925065,13.972416488120095,104.5,50.1375,right_foot,open_play,from_keeper,0,0,0,1,0,0,0,0,0,0,3857261,FIFA World Cup,2022,72,29,Blocked,0.02192258
16.91685549976709,22.84567988727892,104.3,28.7,right_foot,open_play,from_counter,0,0,0,1,1,0,0,0,0,0,3857261,FIFA World Cup,2022,76,38,Saved,0.25030845
11.872085168579273,22.730708104403664,112.7,25.6375,left_foot,open_play,from_counter,0,0,0,1,1,0,0,0,0,0,3857261,FIFA World Cup,2022,76,40,Wayward,0.24362406
3.92446254282036,85.9809555923254,116.1,34.5625,left_foot,open_play,from_counter,0,0,0,1,1,0,0,0,0,0,3857261,FIFA World Cup,2022,76,41,Off T,0.6100251
29.534905197071485,13.143795658055355,92.6,46.025,left_foot,free_kick,from_free_kick,0,1,0,1,0,0,0,0,1,0,3857261,FIFA World Cup,2022,82,59,Blocked,0.031328887
24.876020707701628,14.70131263498388,98.3,22.8375,right_foot,open_play,from_throw_in,0,0,0,1,1,0,0,0,0,0,3857261,FIFA World Cup,2022,83,41,Off T,0.025066664
18.513120347472498,21.695146727556892,102.1,30.275,right_foot,open_play,regular_play,0,0,0,1,0,0,0,0,0,0,3857261,FIFA World Cup,2022,86,15,Off T,0.058446433
6.557831672893102,54.15846810725065,114.4,38.4125,left_foot,open_play,from_corner,0,0,0,1,1,1,0,0,1,0,3857261,FIFA World Cup,2022,90,53,Post,0.45507616
11.675461714638955,28.189297947428543,111.0,42.4375,left_foot,open_play,from_free_kick,0,0,0,1,1,0,0,0,1,0,3857261,FIFA World Cup,2022,93,25,Blocked,0.09753507
18.479824302465644,13.305041274483377,109.4,19.8625,left_foot,open_play,regular_play,0,0,0,1,1,0,0,0,0,0,3857290,FIFA World Cup,2022,9,36,Saved,0.016072592
13.246609235951665,27.037486372175223,108.7,28.0875,right_foot,open_play,regular_play,0,0,0,1,1,0,0,0,0,0,3857290,FIFA World Cup,2022,9,38,Off T,0.15900026
33.52932485153855,11.871427149331188,88.1,24.675,left_foot,open_play,regular_play,0,0,0,1,0,0,0,0,0,0,3857290,FIFA World Cup,2022,11,18,Off T,0.012105021
27.37874403620444,11.90315363727715,98.8,52.325,right_foot,open_play,regular_play,0,0,0,1,0,0,0,0,0,0,3857290,FIFA World Cup,2022,25,42,Off T,0.009452554
15.30247120565826,17.310833245183296,110.6,47.075,right_foot,open_play,regular_play,0,0,0,1,0,1,1,0,0,0,3857290,FIFA World Cup,2022,29,7,Saved,0.08237888
6.7958742079293994,56.23534091661759,113.3,33.8625,head,open_play,from_corner,0,0,1,0,0,1,0,0,1,0,3857290,FIFA World Cup,2022,39,41,Off T,0.19001445
18.93608080490786,17.42467620160289,105.2,46.8125,right_foot,open_play,from_goal_kick,0,0,0,1,0,0,0,0,0,0,3857290,FIFA World Cup,2022,40,49,Blocked,0.041722767
5.42069241425853,67.6028417476652,114.7,33.8625,head,open_play,from_corner,0,0,1,0,0,0,0,0,1,0,3857290,FIFA World Cup,2022,45,50,Off T,0.15555824
8.111806595943959,48.527832167918035,111.9,34.5625,right_foot,open_play,from_throw_in,0,0,0,1,1,1,0,0,0,1,3857290,FIFA World Cup,2022,47,33,Goal,0.55189455
5.795917205240259,54.72146765076419,116.1,30.7125,head,open_play,from_free_kick,0,0,1,0,0,0,0,0,1,0,3857290,FIFA World Cup,2022,49,37,Saved,0.24569963
6.958638965343727,9.491217979664244,119.2,41.9125,right_foot,open_play,regular_play,0,0,0,1,0,0,0,0,0,0,3857290,FIFA World Cup,2022,56,31,Saved,0.0123953605
13.05398047531863,30.232025724491002,107.5,38.7625,head,open_play,from_free_kick,0,0,1,0,0,1,0,0,1,0,3857290,FIFA World Cup,2022,65,26,Saved,0.046351306
12.59883427147131,32.19369051207006,107.5,36.575,right_foot,open_play,from_keeper,0,0,0,1,1,0,0,0,0,0,3857290,FIFA World Cup,2022,65,50,Saved,0.1977995
23.916969002154094,17.320887962488865,96.2,32.6375,left_foot,open_play,regular_play,0,0,0,1,0,0,0,0,0,0,3857290,FIFA World Cup,2022,88,2,Saved,0.048882935
13.029030086694865,29.326424488549073,108.0,40.075,left_foot,open_play,from_throw_in,0,0,0,1,0,0,0,0,0,0,3857290,FIFA World Cup,2022,94,52,Blocked,0.27028984
23.92561715504953,17.03490327484575,96.6,30.0125,right_foot,open_play,from_corner,0,0,0,1,1,0,0,0,1,0,3857298,FIFA World Cup,2022,4,10,Off T,0.02513017
22.101145332312537,18.646675319733955,98.1,32.025,right_foot,open_play,regular_play,0,0,0,1,1,0,0,0,0,0,3857298,FIFA World Cup,2022,5,47,Blocked,0.07171052
12.319902597017556,33.04893237360692,107.7,34.3,right_foot,open_play,regular_play,0,0,0,1,0,0,1,0,0,0,3857298,FIFA World Cup,2022,9,27,Saved,0.4577736
4.916442438389776,68.30406608862317,116.3,38.2375,head,open_play,from_corner,0,0,1,0,0,1,0,0,1,0,3857298,FIFA World Cup,2022,12,26,Off T,0.2074416
16.26230303493327,24.733543361589692,104.2,31.15,left_foot,open_play,from_free_kick,0,0,0,1,1,0,0,0,1,0,3857298,FIFA World Cup,2022,27,31,Off T,0.07848694
21.14418138046493,18.740190962400156,99.9,28.4375,right_foot,open_play,from_throw_in,0,0,0,1,0,0,0,0,0,0,3857298,FIFA World Cup,2022,35,37,Saved,0.045895047
16.43095877452074,15.92293106105369,110.0,21.9625,left_foot,open_play,regular_play,0,0,0,1,1,0,0,0,0,0,3857298,FIFA World Cup,2022,41,16,Blocked,0.030432492
31.415690745231117,13.202225920815001,88.8,38.675,left_foot,open_play,from_corner,0,0,0,1,1,0,0,0,1,0,3857298,FIFA World Cup,2022,53,2,Off T,0.015372672
28.221013890361906,14.216155577729939,92.9,27.125,left_foot,open_play,from_free_kick,0,0,0,1,0,0,0,0,1,0,3857298,FIFA World Cup,2022,54,33,Off T,0.030134441
11.900321686828475,34.19033371584598,108.1,35.0875,right_foot,penalty,other,1,0,0,1,0,0,0,0,1,1,3857298,FIFA World Cup,2022,64,20,Goal,0.7835
29.597468747343925,13.77929774028583,91.1,41.3875,right_foot,open_play,from_throw_in,0,0,0,1,0,0,0,0,0,0,3857298,FIFA World Cup,2022,66,27,Blocked,0.020453067
29.68819472871329,13.102732037307547,92.4,45.9375,right_foot,open_play,regular_play,0,0,0,1,0,1,0,0,0,0,3857298,FIFA World Cup,2022,68,1,Off T,0.021057075
29.59392093403644,13.920059396716473,90.8,30.1875,left_foot,open_play,regular_play,0,0,0,1,0,0,0,0,0,0,3857298,FIFA World Cup,2022,71,38,Saved,0.02159481
4.40347873845214,79.45593500836256,115.6,34.825,right_foot,open_play,regular_play,0,0,0,1,1,0,0,0,0,1,3857298,FIFA World Cup,2022,72,11,Goal,0.48524466
16.66735206924003,19.08868964636018,107.5,46.025,right_foot,open_play,regular_play,0,0,0,1,0,0,1,0,0,1,3857298,FIFA World Cup,2022,77,6,Goal,0.21504128
13.17939324286213,20.75733150260879,111.7,24.7625,right_foot,open_play,regular_play,0,0,0,1,1,0,0,0,0,1,3857298,FIFA World Cup,2022,79,21,Goal,0.15539157
6.502355342489366,58.73876026615176,113.5,35.175,head,open_play,from_throw_in,0,0,1,0,0,0,0,0,0,1,3857298,FIFA World Cup,2022,88,28,Goal,0.15547352
15.468051751917558,23.003865666804284,106.9,26.775,head,open_play,from_free_kick,0,0,1,0,0,1,0,0,1,0,3857298,FIFA World Cup,2022,91,13,Off T,0.02431712
26.045180096324923,15.093667078464925,95.5,26.1625,right_foot,open_play,regular_play,0,0,0,1,0,0,0,0,0,0,3857298,FIFA World Cup,2022,95,4,Blocked,0.026070174
29.21798461564384,8.277179470241993,103.3,11.025,right_foot,open_play,from_throw_in,0,0,0,1,0,0,0,0,0,0,3857298,FIFA World Cup,2022,97,33,Off T,0.0063759447
17.216493726946844,18.58470842120476,107.0,23.7125,left_foot,open_play,regular_play,0,0,0,1,0,0,0,0,0,0,3857285,FIFA World Cup,2022,0,45,Blocked,0.034865376
17.524701316998243,22.71833405362336,103.2,30.0125,left_foot,open_play,from_throw_in,0,0,0,1,1,0,0,0,0,0,3857285,FIFA World Cup,2022,3,55,Blocked,0.12169348
22.784208484167273,18.03894559229419,97.5,38.5875,left_foot,open_play,regular_play,0,0,0,1,0,1,0,0,0,0,3857285,FIFA World Cup,2022,8,48,Off T,0.059537582
9.509740072683377,34.37665909209945,112.8,28.7875,head,open_play,from_throw_in,0,0,1,0,0,1,0,0,0,0,3857285,FIFA World Cup,2022,16,18,Off T,0.04866169
22.02376911997581,18.612653448984865,98.3,38.7625,left_foot,open_play,from_throw_in,0,0,0,1,0,1,0,0,0,0,3857285,FIFA World Cup,2022,18,51,Blocked,0.03382374
21.248621278803004,16.122033648809573,102.7,22.6625,right_foot,open_play,from_free_kick,0,0,0,1,0,0,0,0,1,0,3857285,FIFA World Cup,2022,24,39,Blocked,0.034923773
10.74348639874412,37.253181804268365,109.4,33.25,head,open_play,from_corner,0,0,1,0,0,1,0,0,1,0,3857285,FIFA World Cup,2022,26,38,Off T,0.045367446
20.465397626237312,19.026385614048255,100.9,42.35,right_foot,open_play,from_free_kick,0,0,0,1,0,0,0,0,1,0,3857285,FIFA World Cup,2022,28,20,Blocked,0.025139945
24.71792113022452,13.765657931909374,100.0,49.525,left_foot,open_play,from_free_kick,0,0,0,1,0,0,0,0,1,0,3857285,FIFA World Cup,2022,28,35,Off T,0.03131155
37.36512411326905,10.584789605326021,84.7,47.25,right_foot,open_play,from_throw_in,0,0,0,1,0,0,0,0,0,0,3857285,FIFA World Cup,2022,32,51,Saved,0.0068181115
23.677841038616673,16.960404151575702,97.2,41.3875,left_foot,open_play,regular_play,0,0,0,1,0,0,0,0,0,0,3857285,FIFA World Cup,2022,39,17,Off T,0.030127633
8.901720339350147,44.69512717336885,111.1,35.175,head,open_play,from_corner,0,0,1,0,0,1,0,0,1,0,3857285,FIFA World Cup,2022,52,40,Off T,0.06871433
27.90920826985244,12.45565265381513,96.9,50.6625,right_foot,open_play,from_throw_in,0,0,0,1,0,0,0,0,0,0,3857285,FIFA World Cup,2022,53,58,Blocked,0.011074076
10.365816718908356,20.4842009041859,115.2,44.1875,right_foot,open_play,regular_play,0,0,0,1,1,0,0,0,0,0,3857285,FIFA World Cup,2022,57,53,Wayward,0.058196757
25.490782647851365,15.860447391798221,95.3,28.7,left_foot,open_play,from_goal_kick,0,0,0,1,0,0,0,0,0,0,3857285,FIFA World Cup,2022,59,9,Blocked,0.038496487
19.03158969319169,14.586292194014538,107.6,49.4375,right_foot,open_play,from_free_kick,0,0,0,1,1,0,0,0,1,0,3857285,FIFA World Cup,2022,64,40,Saved,0.04221427
16.70366726201166,24.713151696769724,103.3,35.35,right_foot,open_play,regular_play,0,0,0,1,0,1,0,0,0,0,3857285,FIFA World Cup,2022,72,34,Saved,0.06520781
17.29837871738274,21.903060773800714,104.3,27.7375,left_foot,open_play,regular_play,0,0,0,1,1,0,0,0,0,0,3857285,FIFA World Cup,2022,74,59,Off T,0.07416881
8.71582612263462,45.50552376264552,111.3,35.525,head,open_play,regular_play,0,0,1,0,0,1,0,0,0,0,3857285,FIFA World Cup,2022,81,24,Off T,0.06430619
7.749556438919588,50.380892843759035,112.3,34.125,head,open_play,regular_play,0,0,1,0,0,0,1,0,0,1,3857285,FIFA World Cup,2022,83,50,Goal,0.28603274
30.042137074449286,12.172068649090807,93.8,49.7,left_foot,open_play,from_throw_in,0,0,0,1,0,0,0,0,0,0,3857285,FIFA World Cup,2022,85,51,Saved,0.008650101
30.99401403900437,12.631581489296355,91.0,24.0625,left_foot,open_play,regular_play,0,0,0,1,1,0,0,0,0,0,3857285,FIFA World Cup,2022,91,0,Off T,0.014392905
8.123817221602172,45.056147147172624,112.8,31.2375,head,open_play,from_throw_in,0,0,1,0,0,0,1,0,0,0,3857285,FIFA World Cup,2022,92,55,Off T,0.16068545
20.773574710434406,18.216896505924414,101.2,43.8375,left_foot,open_play,regular_play,0,0,0,1,0,0,0,0,0,0,3857285,FIFA World Cup,2022,98,16,Saved,0.102816984
11.44344790699027,33.17710260665826,109.5,30.45,left_foot,open_play,regular_play,0,0,0,1,1,0,0,0,0,1,3857285,FIFA World Cup,2022,98,18,Goal,0.34814927
5.736955311835713,56.3139206268596,116.0,30.8875,head,open_play,from_throw_in,0,0,1,0,0,0,0,0,0,0,3857282,FIFA World Cup,2022,9,2,Post,0.25332773
32.51334581752546,12.802096732301044,87.6,37.7125,right_foot,open_play,from_free_kick,0,0,0,1,0,0,0,0,1,0,3857282,FIFA World Cup,2022,13,45,Off T,0.013776194
32.52361641945741,11.527835854587803,90.9,49.525,right_foot,open_play,from_throw_in,0,0,0,1,0,0,0,0,0,0,3857282,FIFA World Cup,2022,28,29,Off T,0.0066337776
12.449723892520666,32.4501324451078,107.7,33.075,right_foot,open_play,from_counter,0,0,0,1,1,1,0,0,0,1,3857282,FIFA World Cup,2022,35,12,Goal,0.20100605
5.733686096221171,63.33867294767085,114.7,32.8125,head,open_play,from_corner,0,0,1,0,0,1,0,0,1,0,3857282,FIFA World Cup,2022,44,29,Off T,0.14399761
26.669563644724292,15.589579378418222,93.4,36.925,left_foot,open_play,from_free_kick,0,0,0,1,0,0,0,0,1,0,3857282,FIFA World Cup,2022,60,3,Blocked,0.032130886
10.90195653311826,36.857102203637936,109.2,33.5125,head,open_play,from_free_kick,0,0,1,0,0,0,0,0,1,0,3857282,FIFA World Cup,2022,63,54,Saved,0.18666926
4.747696810033264,71.34253263002967,116.3,37.975,head,open_play,from_corner,0,0,1,0,0,0,0,0,1,0,3857282,FIFA World Cup,2022,64,34,Off T,0.19270518
14.697326500081576,25.832010823139505,106.6,41.0375,head,open_play,regular_play,0,0,1,0,0,1,0,0,0,0,3857282,FIFA World Cup,2022,74,48,Off T,0.027433796
6.932453119206793,38.00211130668842,116.3,40.8625,head,open_play,from_corner,0,0,1,0,0,1,0,0,1,0,3857282,FIFA World Cup,2022,76,33,Off T,0.09428854
12.0,33.92341177306582,108.0,35.0,left_foot,penalty,other,1,0,0,1,0,0,0,0,1,1,3857282,FIFA World Cup,2022,81,33,Goal,0.7835
17.405189599656758,14.32376227299747,109.9,49.175,right_foot,open_play,from_counter,0,0,0,1,0,0,0,0,0,0,3857282,FIFA World Cup,2022,88,36,Saved,0.042556882
27.483520630552412,15.021580562363441,92.8,31.0625,right_foot,open_play,from_free_kick,0,0,0,1,0,0,0,0,1,0,3857282,FIFA World Cup,2022,91,13,Blocked,0.019808901
31.360006377550377,12.095841323990102,91.6,21.7,right_foot,open_play,from_goal_kick,0,0,0,1,0,0,0,0,0,0,3857297,FIFA World Cup,2022,7,5,Blocked,0.012477021
19.267139285581553,16.521606889688407,105.5,47.6875,right_foot,open_play,from_free_kick,0,0,0,1,1,0,0,0,1,0,3857297,FIFA World Cup,2022,12,17,Saved,0.03839731
8.322569089529985,47.39920781813256,111.7,34.3875,head,open_play,from_corner,0,0,1,0,0,1,0,0,1,0,3857297,FIFA World Cup,2022,25,36,Blocked,0.075333446
12.304089767227806,31.38410937227744,108.5,39.375,head,open_play,from_throw_in,0,0,1,0,0,0,0,0,0,0,3857297,FIFA World Cup,2022,32,3,Wayward,0.044610713
9.084198162193507,40.62051484068789,111.9,39.1125,right_foot,open_play,from_goal_kick,0,0,0,1,1,0,0,0,0,1,3857297,FIFA World Cup,2022,38,57,Goal,0.23496674
17.676118246096905,9.858996930609454,112.9,51.1875,right_foot,open_play,regular_play,0,0,0,1,0,0,1,0,0,0,3857297,FIFA World Cup,2022,40,16,Wayward,0.009729679
11.900321686828475,34.19033371584598,108.1,35.0875,right_foot,penalty,other,1,0,0,1,0,0,0,0,1,0,3857297,FIFA World Cup,2022,45,35,Saved,0.7835
9.585674532864129,34.247188576705746,112.7,28.7875,right_foot,open_play,other,0,0,0,1,1,0,0,0,0,0,3857297,FIFA World Cup,2022,45,37,Saved,0.35719204
36.69811175319514,10.603372947215314,85.9,21.4375,right_foot,open_play,from_corner,0,0,0,1,0,0,0,0,1,0,3857297,FIFA World Cup,2022,50,48,Blocked,0.005913877
15.811867576285854,26.0486734170498,104.2,34.3875,right_foot,open_play,from_corner,0,0,0,1,1,0,0,0,1,0,3857297,FIFA World Cup,2022,50,53,Off T,0.03705331
27.58568469333325,12.370980735796584,97.6,18.9,right_foot,open_play,from_free_kick,0,0,0,1,0,0,0,0,1,0,3857297,FIFA World Cup,2022,53,43,Off T,0.010959039
6.387891377442173,55.261737627697904,114.6,31.5875,left_foot,open_play,regular_play,0,0,0,1,0,0,0,0,0,0,3857297,FIFA World Cup,2022,54,34,Saved,0.16438472
23.0,18.083383083588846,97.0,35.0,right_foot,open_play,regular_play,0,0,0,1,1,0,0,0,0,0,3857297,FIFA World Cup,2022,54,36,Off T,0.0391187
13.039896711630806,18.35510326178202,112.9,24.0625,left_foot,open_play,from_goal_kick,0,0,0,1,0,1,1,0,0,0,3857297,FIFA World Cup,2022,59,26,Off T,0.11089649
15.130784018021012,23.33040898564021,107.3,43.225,right_foot,open_play,regular_play,0,0,0,1,1,0,0,0,0,0,3857297,FIFA World Cup,2022,60,4,Off T,0.07597345
9.061042986323374,43.79672073425698,111.0,33.95,head,open_play,from_goal_kick,0,0,1,0,0,0,0,0,0,0,3857297,FIFA World Cup,2022,62,31,Post,0.13519733
6.231572835167705,54.656462805727735,115.1,38.85,other,open_play,from_free_kick,0,0,0,0,0,0,0,0,1,0,3857297,FIFA World Cup,2022,65,1,Post,0.25903136
25.5808308358036,15.873465152986153,95.1,40.8625,left_foot,free_kick,from_free_kick,0,1,0,1,0,0,0,0,1,0,3857297,FIFA World Cup,2022,67,52,Blocked,0.0660456
24.530707796555728,16.625240223592957,96.0,29.925,right_foot,open_play,from_free_kick,0,0,0,1,0,0,0,0,1,0,3857297,FIFA World Cup,2022,68,29,Saved,0.03677261
14.94341410120191,23.887377585483783,107.3,42.875,right_foot,open_play,from_throw_in,0,0,0,1,1,0,0,0,0,0,3857297,FIFA World Cup,2022,72,28,Blocked,0.09536816
17.428321957377307,22.954738047583003,103.2,30.3625,left_foot,open_play,regular_play,0,0,0,1,1,0,0,0,0,0,3857297,FIFA World Cup,2022,77,50,Off T,0.10027991
12.659408556484772,32.1290348001081,107.4,36.225,head,open_play,from_free_kick,0,0,1,0,0,1,0,0,1,0,3857297,FIFA World Cup,2022,80,55,Off T,0.02819521
13.417921783942546,29.346828098861266,107.2,39.025,left_foot,open_play,from_goal_kick,0,0,0,1,0,0,1,0,0,1,3857297,FIFA World Cup,2022,81,28,Goal,0.47824246
7.448531734509826,19.181109604794045,118.0,42.175,head,open_play,regular_play,0,0,1,0,0,1,0,0,0,0,3857297,FIFA World Cup,2022,86,25,Off T,0.041744728
12.338665091897091,28.033996749530385,109.9,42.0875,right_foot,open_play,from_free_kick,0,0,0,1,0,0,1,0,1,0,3857297,FIFA World Cup,2022,89,28,Saved,0.4181081
25.469298306981294,15.886402495067191,95.3,28.7875,right_foot,open_play,from_throw_in,0,0,0,1,0,0,0,0,0,0,3857297,FIFA World Cup,2022,95,43,Off T,0.046656966
12.22692341719698,15.338646501003625,114.9,46.1125,right_foot,open_play,from_kick_off,0,0,0,1,1,0,0,0,0,0,3857294,FIFA World Cup,2022,0,33,Off T,0.04113277
32.162244946520765,12.295224664478152,89.6,45.5,right_foot,open_play,regular_play,0,0,0,1,0,0,0,0,0,0,3857294,FIFA World Cup,2022,2,44,Saved,0.015712837
11.28940321717672,20.739639158892306,114.1,25.375,right_foot,open_play,regular_play,0,0,0,1,1,0,0,0,0,0,3857294,FIFA World Cup,2022,3,20,Saved,0.10723932
11.069806908885086,17.844421355291573,115.2,25.025,right_foot,open_play,regular_play,0,0,0,1,1,1,0,0,0,0,3857294,FIFA World Cup,2022,3,22,Off T,0.042171385
28.331081099209747,13.958488500570237,93.2,25.8125,right_foot,open_play,regular_play,0,0,0,1,0,1,0,0,0,0,3857294,FIFA World Cup,2022,6,50,Blocked,0.023612352
24.062499999999996,16.64435098247351,96.9,28.2625,right_foot,open_play,from_throw_in,0,0,0,1,0,0,0,0,0,0,3857294,FIFA World Cup,2022,13,57,Blocked,0.032602046
14.721078637450445,24.401034647043254,107.4,27.3875,right_foot,open_play,from_throw_in,0,0,0,1,1,0,0,0,0,0,3857294,FIFA World Cup,2022,13,59,Off T,0.14338174
8.031432390925046,45.07372366163624,113.0,38.9375,head,open_play,from_corner,0,0,1,0,0,1,0,0,1,0,3857294,FIFA World Cup,2022,18,14,Off T,0.08364612
11.82371161057305,32.02270489600447,109.2,39.8125,right_foot,open_play,from_corner,0,0,0,1,1,0,0,0,1,0,3857294,FIFA World Cup,2022,24,6,Off T,0.067132466
10.490836775491271,25.85750081109079,113.6,26.6875,right_foot,open_play,regular_play,0,0,0,1,0,1,0,0,0,0,3857294,FIFA World Cup,2022,25,15,Blocked,0.0753362
16.700916890997334,24.720680501933835,103.3,34.825,right_foot,open_play,from_goal_kick,0,0,0,1,0,1,0,0,0,1,3857294,FIFA World Cup,2022,25,55,Goal,0.14035599
26.107185912120052,15.956549308789748,93.9,34.3875,right_foot,open_play,from_throw_in,0,0,0,1,0,1,0,0,0,0,3857294,FIFA World Cup,2022,28,31,Saved,0.03016361
27.73080698879858,14.34609023021269,93.6,43.4875,right_foot,open_play,regular_play,0,0,0,1,1,0,0,0,0,0,3857294,FIFA World Cup,2022,47,52,Off T,0.029451067
6.222188119946226,46.14413848846006,116.4,29.925,right_foot,open_play,from_goal_kick,0,0,0,1,0,1,1,0,0,0,3857294,FIFA World Cup,2022,48,53,Saved,0.2959347
2.414312790422987,113.30197424877903,117.6,35.2625,right_foot,open_play,from_goal_kick,0,0,0,1,1,0,0,1,0,1,3857294,FIFA World Cup,2022,48,55,Goal,0.6883914
27.77550910874542,13.728191041165436,94.7,46.4625,right_foot,open_play,regular_play,0,0,0,1,0,0,0,0,0,0,3857294,FIFA World Cup,2022,76,12,Saved,0.024495702
33.269242552243355,11.797541852922256,88.8,46.55,right_foot,open_play,from_free_kick,0,0,0,1,0,0,0,0,1,0,3857294,FIFA World Cup,2022,87,32,Off T,0.00621196
24.416135162019394,12.603322557686393,102.2,51.7125,left_foot,open_play,regular_play,0,0,0,1,0,0,0,0,0,0,3857294,FIFA World Cup,2022,91,22,Post,0.010698183
22.268868404119686,18.613064215967526,97.8,33.25,right_foot,open_play,regular_play,0,0,0,1,0,0,0,0,0,0,3857266,FIFA World Cup,2022,5,21,Blocked,0.04759094
7.000714249274854,45.781938426757314,115.0,39.9,head,open_play,from_throw_in,0,0,1,0,0,1,0,0,0,0,3857266,FIFA World Cup,2022,9,9,Blocked,0.10936305
9.706256036701275,34.542753928175856,112.4,41.0375,head,open_play,from_corner,0,0,1,0,0,1,0,0,1,0,3857266,FIFA World Cup,2022,12,34,Wayward,0.0425816
8.156985120128631,48.131527590660646,111.9,34.0375,head,open_play,regular_play,0,0,1,0,0,1,0,0,0,0,3857266,FIFA World Cup,2022,14,53,Wayward,0.11903284
11.720341558589489,33.241329390228785,108.9,38.7625,head,open_play,from_free_kick,0,0,1,0,0,0,0,0,1,0,3857266,FIFA World Cup,2022,20,18,Saved,0.04225832
17.94242528199574,14.62654239182435,109.0,49.175,right_foot,open_play,from_goal_kick,0,0,0,1,0,1,0,0,0,0,3857266,FIFA World Cup,2022,29,53,Blocked,0.02881258
14.896649161808169,3.6157034090110116,118.2,20.2125,left_foot,open_play,from_counter,0,0,0,1,0,1,1,0,0,0,3857266,FIFA World Cup,2022,32,48,Saved,0.010852635
20.315269042028458,20.41162708438592,99.7,34.2125,right_foot,open_play,regular_play,0,0,0,1,1,0,0,0,0,0,3857266,FIFA World Cup,2022,32,52,Blocked,0.054124165
13.720058308913995,26.290126970929666,108.2,42.0,left_foot,open_play,from_counter,0,0,0,1,0,0,0,0,0,0,3857266,FIFA World Cup,2022,32,55,Blocked,0.046849832
24.082180263630622,14.41908666240621,100.1,21.4375,left_foot,open_play,regular_play,0,0,0,1,0,0,0,0,0,0,3857266,FIFA World Cup,2022,33,36,Blocked,0.02230111
18.705363535627956,15.328095814867005,107.4,48.825,right_foot,open_play,from_counter,0,0,0,1,1,0,0,0,0,0,3857266,FIFA World Cup,2022,35,17,Off T,0.048269883
12.27446536513913,31.29646987021716,108.6,39.55,head,open_play,from_goal_kick,0,0,1,0,0,1,0,0,0,0,3857266,FIFA World Cup,2022,36,33,Off T,0.045027424
14.389427542470202,27.88666403835722,106.0,38.325,right_foot,open_play,regular_play,0,0,0,1,1,0,0,0,0,0,3857266,FIFA World Cup,2022,39,33,Off T,0.18605462
37.06460786586039,11.25979165676101,83.0,37.1875,right_foot,open_play,regular_play,0,0,0,1,0,0,0,0,0,0,3857266,FIFA World Cup,2022,44,43,Off T,0.006951803
28.493335295293182,11.099552266472184,98.6,16.1875,right_foot,open_play,from_throw_in,0,0,0,1,0,0,0,0,0,0,3857266,FIFA World Cup,2022,47,25,Blocked,0.011081066
18.106598417427836,20.3109284661261,104.1,26.3375,left_foot,open_play,regular_play,0,0,0,1,0,0,0,0,0,0,3857266,FIFA World Cup,2022,55,59,Saved,0.03630777
17.43165224526924,23.67716379925596,102.6,33.95,left_foot,open_play,from_throw_in,0,0,0,1,0,0,1,0,0,0,3857266,FIFA World Cup,2022,59,2,Off T,0.21733604
11.941112018987178,27.531244953525604,110.8,27.3875,right_foot,open_play,regular_play,0,0,0,1,1,0,0,0,0,1,3857266,FIFA World Cup,2022,60,25,Goal,0.08505598
8.513821483329327,44.016993543711834,112.2,38.4125,head,open_play,from_corner,0,0,1,0,0,1,0,0,1,0,3857266,FIFA World Cup,2022,67,14,Wayward,0.082872435
7.3082145562373855,52.01296960893543,113.0,32.9,head,open_play,from_corner,0,0,1,0,0,0,0,0,1,1,3857266,FIFA World Cup,2022,67,15,Goal,0.25384808
14.009840291737799,26.7632090283011,107.4,28.875,right_foot,open_play,from_keeper,0,0,0,1,1,0,0,0,0,0,3857266,FIFA World Cup,2022,72,21,Saved,0.18929456
27.07035105516735,15.198894089027029,93.3,39.4625,left_foot,open_play,from_corner,0,0,0,1,0,0,0,0,1,0,3857266,FIFA World Cup,2022,73,18,Blocked,0.0264413
6.613634118243915,56.65488569730877,113.7,32.9875,head,open_play,from_corner,0,0,1,0,0,0,0,0,1,0,3857266,FIFA World Cup,2022,77,38,Blocked,0.22405402
9.320147866316281,42.81781511572121,110.7,35.6125,head,open_play,from_corner,0,0,1,0,0,1,0,0,1,0,3857266,FIFA World Cup,2022,78,21,Off T,0.106879756
9.700008054120367,33.51255791432737,112.7,41.3875,left_foot,open_play,from_corner,0,0,0,1,1,0,0,0,1,0,3857266,FIFA World Cup,2022,79,3,Off T,0.080693014
10.950520820947284,34.49707592879347,110.0,39.4625,right_foot,open_play,from_throw_in,0,0,0,1,1,0,0,0,0,0,3857266,FIFA World Cup,2022,80,16,Post,0.23786028
33.67180060896654,12.095317019066059,87.2,42.6125,right_foot,open_play,regular_play,0,0,0,1,1,0,0,0,0,0,3857266,FIFA World Cup,2022,83,58,Off T,0.015153575
3.770796500740926,87.07333954622003,117.8,31.9375,other,open_play,from_goal_kick,0,0,0,0,1,0,0,0,0,1,3857266,FIFA World Cup,2022,85,9,Goal,0.38353118
28.248285346194027,13.483800270988922,94.3,46.725,left_foot,open_play,from_throw_in,0,0,0,1,0,0,0,0,0,0,3857266,FIFA World Cup,2022,88,18,Blocked,0.014218964
24.193649089172137,14.770003535848256,99.4,22.3125,right_foot,open_play,regular_play,0,0,0,1,1,0,0,0,0,0,3857266,FIFA World Cup,2022,90,18,Saved,0.033781487
32.56777548436491,12.798302217580998,87.5,37.1,right_foot,open_play,from_throw_in,0,0,0,1,1,0,0,0,0,0,3857266,FIFA World Cup,2022,96,37,Off T,0.013632962
28.07650263120391,14.308462689929355,93.0,27.3,right_foot,open_play,from_throw_in,0,0,0,1,0,0,0,0,0,0,3857284,FIFA World Cup,2022,13,18,Blocked,0.022911863
13.276883105608785,23.11957513257275,110.5,44.275,head,open_play,from_corner,0,0,1,0,0,1,0,0,1,0,3857284,FIFA World Cup,2022,15,59,Off T,0.026021937
23.102651362992944,18.002419452761163,96.9,34.65,right_foot,open_play,regular_play,0,0,0,1,1,1,0,0,0,0,3857284,FIFA World Cup,2022,19,49,Saved,0.05193508
22.246348014898985,17.150632452440792,99.7,25.9,right_foot,open_play,from_throw_in,0,0,0,1,0,0,0,0,0,0,3857284,FIFA World Cup,2022,25,53,Blocked,0.042519
25.716969106020244,16.12986692329975,94.4,37.45,right_foot,open_play,from_throw_in,0,0,0,1,1,0,0,0,0,0,3857284,FIFA World Cup,2022,27,31,Saved,0.041637745
14.964290828502367,27.07154702829537,105.3,32.2,right_foot,open_play,from_throw_in,0,0,0,1,1,0,0,0,0,0,3857284,FIFA World Cup,2022,28,39,Blocked,0.12241382
12.0,33.92341177306582,108.0,35.0,right_foot,penalty,other,1,0,0,1,0,0,0,0,1,1,3857284,FIFA World Cup,2022,32,35,Goal,0.7835
27.84044943961933,14.49437861650526,93.1,42.175,left_foot,open_play,regular_play,0,0,0,1,0,0,0,0,0,0,3857284,FIFA World Cup,2022,37,32,Blocked,0.028658802
15.396636199183249,20.625007479054105,108.5,24.7625,right_foot,open_play,regular_play,0,0,0,1,0,0,0,0,0,0,3857284,FIFA World Cup,2022,37,47,Blocked,0.03933018
26.714333699345755,15.59452629037843,93.3,34.125,right_foot,open_play,from_free_kick,0,0,0,1,0,0,0,0,1,0,3857284,FIFA World Cup,2022,40,37,Saved,0.031919174
23.080416482377437,17.96266324319196,97.0,36.925,right_foot,open_play,regular_play,0,0,0,1,1,0,0,0,0,0,3857284,FIFA World Cup,2022,41,5,Off T,0.05113006
18.641993086845616,21.629826484618743,101.9,39.4625,right_foot,open_play,from_throw_in,0,0,0,1,0,0,0,0,0,0,3857284,FIFA World Cup,2022,44,29,Off T,0.06614002
19.70485742780191,21.03979453374425,100.3,35.4375,left_foot,open_play,from_throw_in,0,0,0,1,1,0,0,0,0,0,3857284,FIFA World Cup,2022,48,33,Saved,0.047906045
10.516244874003268,23.232772781073713,114.3,26.1625,left_foot,open_play,from_throw_in,0,0,0,1,1,0,0,0,0,0,3857284,FIFA World Cup,2022,48,35,Wayward,0.21508263
10.289565406274455,35.46507057100028,111.0,30.0125,head,open_play,from_free_kick,0,0,1,0,0,0,0,0,1,0,3857284,FIFA World Cup,2022,50,28,Off T,0.07710243
19.550035965440067,13.07341376586704,108.3,50.6625,right_foot,open_play,from_free_kick,0,0,0,1,0,0,0,0,1,0,3857284,FIFA World Cup,2022,46,34,Post,0.013327111
17.911326723612635,21.68498903076714,103.3,41.475,right_foot,open_play,regular_play,0,0,0,1,1,0,0,0,0,0,3857284,FIFA World Cup,2022,49,41,Blocked,0.06444196
12.829872368811778,31.784071465790767,107.2,35.875,right_foot,open_play,regular_play,0,0,0,1,0,0,0,0,0,0,3857284,FIFA World Cup,2022,50,46,Off T,0.15860753
9.784713843541875,25.226980279417443,114.7,43.225,head,open_play,regular_play,0,0,1,0,0,1,0,0,0,0,3857284,FIFA World Cup,2022,57,6,Off T,0.06737846
17.0,24.299972687433762,103.0,35.0,right_foot,open_play,from_free_kick,0,0,0,1,0,0,0,0,1,0,3857284,FIFA World Cup,2022,59,14,Post,0.10696415
18.42120042233947,16.984020221121508,106.4,22.575,left_foot,open_play,regular_play,0,0,0,1,0,0,0,0,0,0,3857284,FIFA World Cup,2022,60,18,Off T,0.06586899
17.63930713633616,17.851460222042064,106.9,23.1875,left_foot,open_play,from_throw_in,0,0,0,1,0,0,0,0,0,0,3857284,FIFA World Cup,2022,65,30,Blocked,0.029970925
12.350006325909316,21.273050671020265,112.6,44.8875,head,open_play,from_corner,0,0,1,0,0,0,0,0,1,0,3857284,FIFA World Cup,2022,66,2,Blocked,0.034016185
12.271212501216006,21.81047383545539,112.5,44.7125,right_foot,open_play,from_throw_in,0,0,0,1,0,1,0,0,0,0,3857284,FIFA World Cup,2022,67,51,Blocked,0.0360808
11.598551903147225,28.272777248033226,111.1,42.4375,right_foot,open_play,regular_play,0,0,0,1,1,0,0,0,0,0,3857284,FIFA World Cup,2022,69,46,Saved,0.32657883
22.895499694263066,13.458607919429271,103.3,50.6625,left_foot,open_play,regular_play,0,0,0,1,0,0,0,0,0,0,3857284,FIFA World Cup,2022,69,51,Saved,0.02483029
8.37967220420942,45.13715121384355,112.2,38.0625,head,open_play,regular_play,0,0,1,0,0,0,0,0,0,0,3857284,FIFA World Cup,2022,70,2,Saved,0.11167552
8.62482789683365,15.43141884911218,117.7,43.3125,right_foot,open_play,regular_play,0,0,0,1,1,0,0,0,0,0,3857284,FIFA World Cup,2022,70,4,Saved,0.0550312
11.274812914190637,34.80492739334551,109.2,31.7625,right_foot,open_play,from_free_kick,0,0,0,1,0,0,0,0,1,0,3857284,FIFA World Cup,2022,72,39,Saved,0.06845111
8.59928231016984,38.58492939231661,113.4,40.5125,right_foot,open_play,from_free_kick,0,0,0,1,1,0,0,0,1,0,3857284,FIFA World Cup,2022,72,40,Off T,0.28772855
15.432514377119498,13.196472190734646,112.8,21.35,left_foot,open_play,from_throw_in,0,0,0,1,1,0,0,0,0,0,3857284,FIFA World Cup,2022,74,45,Saved,0.013784891
8.008286723763085,48.73697483080532,112.1,36.3125,left_foot,open_play,from_throw_in,0,0,0,1,1,0,0,0,0,1,3857284,FIFA World Cup,2022,74,46,Goal,0.4777511
4.530521493161687,77.7864661288271,115.5,34.475,head,open_play,from_corner,0,0,1,0,0,1,0,0,1,0,3857284,FIFA World Cup,2022,79,46,Off T,0.18550046
9.216595087124091,13.241051053877996,117.7,43.925,right_foot,open_play,from_free_kick,0,0,0,1,0,0,1,0,1,1,3857284,FIFA World Cup,2022,82,42,Goal,0.02668418
13.12918980744813,31.09712434159043,106.9,35.875,head,open_play,from_throw_in,0,0,1,0,0,1,0,0,0,0,3857284,FIFA World Cup,2022,89,16,Off T,0.031593546
33.88867805034596,12.296904059018772,86.2,32.55,right_foot,open_play,from_throw_in,0,0,0,1,0,0,0,0,0,0,3857284,FIFA World Cup,2022,93,50,Off T,0.017847534
19.715733723348976,21.01785914897926,100.3,35.7875,right_foot,open_play,from_free_kick,0,0,0,1,1,0,0,0,1,0,3857284,FIFA World Cup,2022,94,42,Off T,0.088851534
8.140792344729107,25.851190357874223,116.5,27.65,right_foot,open_play,from_free_kick,0,0,0,1,0,0,0,0,1,0,3857284,FIFA World Cup,2022,97,16,Blocked,0.07610536
29.342971901291804,13.31283172087165,92.6,45.5,right_foot,open_play,from_goal_kick,0,0,0,1,0,0,0,0,0,0,3857254,FIFA World Cup,2022,2,2,Blocked,0.023819994
14.272438474206153,12.995480928688647,114.0,47.95,left_foot,open_play,regular_play,0,0,0,1,0,0,0,0,0,0,3857254,FIFA World Cup,2022,4,10,Blocked,0.014059674
26.88984764274427,15.342710402353838,93.4,38.9375,right_foot,open_play,from_throw_in,0,0,0,1,0,0,0,0,0,0,3857254,FIFA World Cup,2022,10,46,Blocked,0.033114884
10.530906893520614,21.697101624854806,114.7,25.9,head,open_play,from_corner,0,0,1,0,0,0,0,0,1,0,3857254,FIFA World Cup,2022,11,47,Off T,0.04366076
8.071951824063374,33.61090538087058,115.3,28.4375,right_foot,open_play,from_corner,0,0,0,1,1,0,0,0,1,0,3857254,FIFA World Cup,2022,22,5,Blocked,0.124032564
22.002901087129395,17.51934486474725,99.7,26.5125,left_foot,open_play,from_corner,0,0,0,1,1,0,0,0,1,0,3857254,FIFA World Cup,2022,22,9,Saved,0.02765422
30.70505862231824,10.965183399792862,95.4,16.625,right_foot,open_play,from_corner,0,0,0,1,0,0,0,0,1,0,3857254,FIFA World Cup,2022,32,58,Saved,0.008709067
11.83971732137216,26.405880735183054,111.4,43.1375,right_foot,open_play,from_corner,0,0,0,1,1,0,0,0,1,0,3857254,FIFA World Cup,2022,38,12,Blocked,0.046073906
11.78794405314175,16.25108938479397,115.0,45.675,right_foot,open_play,from_corner,0,0,0,1,1,0,0,0,1,0,3857254,FIFA World Cup,2022,38,14,Off T,0.06712157
9.076489202880154,40.32642505321581,112.0,39.2875,right_foot,open_play,from_throw_in,0,0,0,1,0,0,1,0,0,0,3857254,FIFA World Cup,2022,42,0,Saved,0.4656446
20.215344574110038,20.51025465596272,99.8,35.7875,left_foot,open_play,from_corner,0,0,0,1,1,0,0,0,1,0,3857254,FIFA World Cup,2022,42,47,Off T,0.059586592
10.270170702086704,32.12938040208999,112.1,41.5625,head,open_play,from_kick_off,0,0,1,0,0,1,0,0,0,0,3857254,FIFA World Cup,2022,45,11,Wayward,0.11338296
9.275783322717274,28.104553320094073,114.7,42.6125,right_foot,open_play,from_corner,0,0,0,1,1,0,0,0,1,0,3857254,FIFA World Cup,2022,45,45,Off T,0.07208876
28.96651353287102,13.845386651018474,92.2,43.1375,right_foot,open_play,from_corner,0,0,0,1,0,0,0,0,1,0,3857254,FIFA World Cup,2022,50,57,Blocked,0.020917216
20.502987587178605,20.239874571378987,99.5,34.65,right_foot,open_play,from_corner,0,0,0,1,1,0,0,0,1,0,3857254,FIFA World Cup,2022,52,1,Blocked,0.041405495
16.405258303361144,24.741809273656102,103.9,31.85,right_foot,open_play,from_corner,0,0,0,1,0,0,0,0,1,0,3857254,FIFA World Cup,2022,52,2,Blocked,0.059058707
5.304773793480736,56.1206445156662,117.0,30.625,head,open_play,from_throw_in,0,0,1,0,0,0,0,0,0,0,3857254,FIFA World Cup,2022,56,32,Wayward,0.25651878
20.987615395751845,19.621200004827312,99.2,32.2,left_foot,open_play,from_keeper,0,0,0,1,0,0,0,0,0,0,3857254,FIFA World Cup,2022,68,26,Saved,0.08509644
3.6946752225330943,89.23229394061107,117.4,32.375,head,open_play,from_corner,0,0,1,0,0,1,0,0,1,0,3857254,FIFA World Cup,2022,69,15,Wayward,0.27134958
3.8581285942798744,83.5500557683663,118.2,38.4125,head,open_play,from_corner,0,0,1,0,0,0,0,0,1,0,3857254,FIFA World Cup,2022,69,16,Post,0.5683119
22.30203185810656,14.824966179047598,102.5,21.175,right_foot,open_play,regular_play,0,0,0,1,0,0,0,0,0,0,3857254,FIFA World Cup,2022,75,27,Off T,0.02872357
6.260990336999405,57.80964915745391,114.4,32.2,head,open_play,from_throw_in,0,0,1,0,0,1,0,0,0,0,3857254,FIFA World Cup,2022,91,9,Saved,0.14539434
26.42972994565022,14.954628445653697,95.0,26.425,right_foot,open_play,regular_play,0,0,0,1,0,0,0,0,0,0,3857254,FIFA World Cup,2022,91,41,Blocked,0.028684001
12.521980673998826,29.75651454877538,108.8,40.6,head,open_play,from_corner,0,0,1,0,0,1,0,0,1,0,3857254,FIFA World Cup,2022,96,18,Saved,0.022084296
9.714036236292312,40.358840015886365,110.6,32.55,head,open_play,from_corner,0,0,1,0,0,1,0,0,1,0,3857265,FIFA World Cup,2022,6,46,Blocked,0.056964528
5.887274411814011,62.15802287168787,114.5,37.1,head,open_play,from_corner,0,0,1,0,0,1,0,0,1,0,3857265,FIFA World Cup,2022,11,44,Off T,0.1766503
8.280436280776513,42.057695632574976,113.2,30.275,head,open_play,from_free_kick,0,0,1,0,0,1,0,0,1,0,3857265,FIFA World Cup,2022,25,41,Off T,0.098180205
18.321269231415165,14.63896696978145,108.5,20.7375,left_foot,open_play,from_throw_in,0,0,0,1,1,0,0,0,0,0,3857265,FIFA World Cup,2022,43,56,Blocked,0.025630916
20.641527468915665,9.959855152170803,110.1,53.1125,right_foot,open_play,from_throw_in,0,0,0,1,1,0,0,0,0,0,3857265,FIFA World Cup,2022,44,18,Saved,0.0069717234
31.576576069137076,11.728856327335917,92.1,49.7875,left_foot,open_play,regular_play,0,0,0,1,0,1,0,0,0,0,3857265,FIFA World Cup,2022,46,1,Blocked,0.008207667
29.13610303386504,12.880000590239963,93.9,22.05,right_foot,open_play,from_corner,0,0,0,1,0,0,0,0,1,0,3857265,FIFA World Cup,2022,51,45,Saved,0.02413981
11.900000000000006,34.19192403489304,108.1,35.0,right_foot,penalty,other,1,0,0,1,0,0,0,0,1,0,3857265,FIFA World Cup,2022,57,23,Saved,0.7835
10.141498903022175,28.372331023961063,113.4,42.7,right_foot,open_play,other,0,0,0,1,1,0,0,0,0,0,3857265,FIFA World Cup,2022,57,26,Blocked,0.10166888
14.983704690429528,22.76010759407641,107.9,26.1625,right_foot,open_play,from_throw_in,0,0,0,1,0,0,0,0,0,0,3857265,FIFA World Cup,2022,59,13,Blocked,0.0609232
13.97399929333045,28.159460525372143,106.7,30.7125,head,open_play,from_free_kick,0,0,1,0,0,0,1,0,1,0,3857265,FIFA World Cup,2022,63,24,Saved,0.06434309
24.983807255900768,11.713170520398995,102.7,53.025,right_foot,open_play,from_free_kick,0,0,0,1,0,0,0,0,1,0,3857265,FIFA World Cup,2022,65,55,Off T,0.009746956
30.214920258872105,12.391616920682786,93.0,21.4375,right_foot,open_play,from_throw_in,0,0,0,1,1,0,0,0,0,0,3857265,FIFA World Cup,2022,79,46,Off T,0.014301864
6.863137493158653,55.49996118693374,113.3,36.4875,head,open_play,from_corner,0,0,1,0,0,1,0,0,1,0,3857265,FIFA World Cup,2022,81,21,Wayward,0.12449861
17.007351351694947,15.710168015148707,109.4,21.7,left_foot,open_play,regular_play,0,0,0,1,1,1,0,0,0,0,3857265,FIFA World Cup,2022,93,52,Saved,0.04959144
30.079231310823083,13.440078536544826,90.9,42.6125,right_foot,open_play,regular_play,0,0,0,1,0,0,0,0,0,0,3857265,FIFA World Cup,2022,95,25,Off T,0.02170277
23.098322449909645,14.2907697912078,101.9,49.35,left_foot,open_play,from_goal_kick,0,0,0,1,0,1,0,0,0,0,3857265,FIFA World Cup,2022,95,53,Saved,0.0400392
12.648023561015375,17.983832864035282,113.5,45.85,right_foot,open_play,regular_play,0,0,0,1,0,1,0,0,0,0,3857301,FIFA World Cup,2022,3,50,Off T,0.07323868
26.20715849248064,15.896489558096988,93.8,34.3875,right_foot,open_play,from_throw_in,0,0,0,1,0,0,0,0,0,0,3857301,FIFA World Cup,2022,8,9,Off T,0.025409508
27.531303206532016,15.128522068883797,92.5,36.3125,right_foot,open_play,from_free_kick,0,0,0,1,1,0,0,0,1,0,3857301,FIFA World Cup,2022,14,36,Off T,0.019990891
14.590113304906167,17.896636901399216,111.2,23.3625,left_foot,open_play,from_goal_kick,0,0,0,1,0,1,0,0,0,0,3857301,FIFA World Cup,2022,15,22,Saved,0.039485876
7.204902844591308,53.45886919457021,112.9,33.775,head,open_play,from_corner,0,0,1,0,0,0,0,0,1,0,3857301,FIFA World Cup,2022,16,3,Off T,0.14633009
26.993474327140618,14.131123588687961,95.4,46.1125,right_foot,open_play,from_free_kick,0,0,0,1,1,0,0,0,1,0,3857301,FIFA World Cup,2022,23,44,Off T,0.029332913
31.52921512264459,11.14742534708728,93.6,17.7625,left_foot,open_play,from_goal_kick,0,0,0,1,0,0,0,0,0,0,3857301,FIFA World Cup,2022,25,26,Blocked,0.009041326
14.078668482850214,26.883936418157575,107.2,29.1375,right_foot,open_play,regular_play,0,0,0,1,1,0,0,0,0,1,3857301,FIFA World Cup,2022,40,20,Goal,0.23054633
10.31904337862769,30.53084999289259,112.5,42.0875,head,open_play,from_corner,0,0,1,0,0,0,0,0,1,1,3857301,FIFA World Cup,2022,47,51,Goal,0.038498666
8.422301125583203,46.89994856931382,111.6,34.3875,right_foot,open_play,from_free_kick,0,0,0,1,1,0,0,0,1,0,3857301,FIFA World Cup,2022,54,58,Blocked,0.16305494
13.705838172107537,18.339283622257796,112.1,23.8,left_foot,open_play,regular_play,0,0,0,1,0,0,0,0,0,0,3857301,FIFA World Cup,2022,56,39,Blocked,0.030363984
13.493169568340866,25.922600793211657,108.8,42.525,right_foot,open_play,regular_play,0,0,0,1,1,1,0,0,0,0,3857301,FIFA World Cup,2022,58,16,Blocked,0.05329144
33.97243597756864,11.073759964508683,89.5,20.0375,right_foot,open_play,from_throw_in,0,0,0,1,0,0,0,0,0,0,3857301,FIFA World Cup,2022,60,36,Off T,0.006098259
18.07678068683692,22.118808869646685,102.6,30.1,left_foot,open_play,regular_play,0,0,0,1,0,0,0,0,0,0,3857301,FIFA World Cup,2022,62,12,Saved,0.21404111
6.81405945453956,56.42818985066419,113.2,35.4375,other,open_play,from_throw_in,0,0,0,0,0,0,1,0,0,0,3857301,FIFA World Cup,2022,66,21,Saved,0.3277431
17.28483800907605,18.04387531459295,107.3,46.725,right_foot,open_play,from_throw_in,0,0,0,1,0,0,0,0,0,0,3857301,FIFA World Cup,2022,68,48,Off T,0.067961
9.965134532458663,40.14932400317214,110.1,33.8625,head,open_play,from_free_kick,0,0,1,0,0,1,0,0,1,1,3857301,FIFA World Cup,2022,77,39,Goal,0.072239615
12.942662013666283,31.495957127688296,107.1,33.95,head,open_play,from_free_kick,0,0,1,0,0,1,0,0,1,0,3857301,FIFA World Cup,2022,80,53,Wayward,0.052429575
13.05168212338931,29.639598025654152,107.8,39.6375,right_foot,open_play,from_throw_in,0,0,0,1,1,0,0,0,0,1,3857301,FIFA World Cup,2022,83,6,Goal,0.11607656
26.781619746572456,14.350470755762126,95.4,45.5875,left_foot,open_play,from_free_kick,0,0,0,1,1,0,0,0,1,0,3857301,FIFA World Cup,2022,88,5,Off T,0.023370314
9.510068677459696,42.068776470210494,110.5,34.5625,head,open_play,regular_play,0,0,1,0,0,1,0,0,0,0,3857301,FIFA World Cup,2022,89,57,Blocked,0.06740542
22.954098217965356,18.07902441880292,97.1,36.575,left_foot,open_play,from_counter,0,0,0,1,0,0,0,0,0,0,3857301,FIFA World Cup,2022,93,47,Off T,0.057101198
29.195387050011853,13.86979411628142,91.7,27.825,right_foot,open_play,from_kick_off,0,0,0,1,0,0,0,0,0,0,3857268,FIFA World Cup,2022,0,51,Saved,0.017552001
13.438842956147678,24.06251006611876,109.8,43.75,right_foot,open_play,from_keeper,0,0,0,1,0,0,0,0,0,0,3857268,FIFA World Cup,2022,1,41,Blocked,0.0798905
8.942175350550889,43.401277666083686,111.4,37.45,right_foot,open_play,regular_play,0,0,0,1,1,0,0,0,0,0,3857268,FIFA World Cup,2022,6,18,Blocked,0.12589528
14.326985028260479,27.766355399737968,106.2,31.15,right_foot,open_play,from_corner,0,0,0,1,0,0,0,0,1,0,3857268,FIFA World Cup,2022,7,9,Blocked,0.05664073
11.900321686828475,34.19033371584598,108.1,35.0875,left_foot,penalty,other,1,0,0,1,0,0,0,0,1,0,3857268,FIFA World Cup,2022,10,0,Saved,0.7835
10.699795558794566,34.80481597481896,110.4,30.275,right_foot,open_play,other,0,0,0,1,1,0,0,0,0,0,3857268,FIFA World Cup,2022,10,2,Off T,0.20472932
20.758672886290203,14.733872823812323,105.0,49.35,left_foot,open_play,from_throw_in,0,0,0,1,0,1,0,0,0,0,3857268,FIFA World Cup,2022,12,14,Off T,0.033730526
13.339467989766307,28.686550135487163,107.7,40.1625,left_foot,open_play,regular_play,0,0,0,1,0,0,0,0,0,0,3857268,FIFA World Cup,2022,12,51,Blocked,0.08619453
19.389079561701735,16.95549617012836,104.9,47.1625,left_foot,open_play,from_throw_in,0,0,0,1,0,0,0,0,0,0,3857268,FIFA World Cup,2022,15,30,Off T,0.04071268
11.787519883334237,24.177056594460453,112.3,43.925,right_foot,open_play,from_free_kick,0,0,0,1,0,0,0,0,1,0,3857268,FIFA World Cup,2022,22,33,Blocked,0.04664896
22.28278834100437,18.356532598974415,98.1,39.1125,right_foot,open_play,from_goal_kick,0,0,0,1,1,0,0,0,0,0,3857268,FIFA World Cup,2022,26,9,Off T,0.04634635
18.57495373480107,14.717073182477034,108.1,49.2625,right_foot,open_play,regular_play,0,0,0,1,0,0,0,0,0,0,3857268,FIFA World Cup,2022,29,16,Saved,0.033541974
15.752623789388224,25.940225749041733,104.4,32.8125,right_foot,open_play,from_throw_in,0,0,0,1,0,0,0,0,0,0,3857268,FIFA World Cup,2022,30,43,Blocked,0.08845105
10.288897231968065,35.16711369638023,111.1,29.8375,head,open_play,regular_play,0,0,1,0,0,0,0,0,0,0,3857268,FIFA World Cup,2022,31,58,Off T,0.088843234
12.845335972640035,21.599516502341917,111.8,44.8875,right_foot,open_play,from_goal_kick,0,0,0,1,1,0,0,0,0,0,3857268,FIFA World Cup,2022,32,31,Off T,0.08121458
11.517167891890784,34.028112496754304,109.0,31.5875,left_foot,open_play,regular_play,0,0,0,1,1,0,0,0,0,1,3857268,FIFA World Cup,2022,43,32,Goal,0.24992359
7.716550800066056,49.56997092886357,112.6,37.1875,left_foot,open_play,from_throw_in,0,0,0,1,1,1,0,0,0,0,3857268,FIFA World Cup,2022,46,53,Off T,0.29588586
19.544120759195078,21.170048282337753,100.5,33.6875,right_foot,open_play,from_corner,0,0,0,1,1,0,0,0,1,0,3857268,FIFA World Cup,2022,48,51,Blocked,0.048581414
8.731990394520595,44.028512612518256,111.7,32.2875,head,open_play,from_free_kick,0,0,1,0,0,1,0,0,1,0,3857268,FIFA World Cup,2022,47,52,Off T,0.120068476
24.825947237718847,15.084093953832383,97.8,46.1125,right_foot,open_play,regular_play,0,0,0,1,0,0,0,0,0,0,3857268,FIFA World Cup,2022,49,42,Off T,0.03604073
22.227239060441136,18.287395461977855,98.3,30.1875,right_foot,open_play,from_throw_in,0,0,0,1,1,0,0,0,0,0,3857268,FIFA World Cup,2022,62,15,Off T,0.0587075
22.317944013730294,15.449293841215534,101.7,47.775,right_foot,open_play,regular_play,0,0,0,1,0,0,0,0,0,0,3857268,FIFA World Cup,2022,66,1,Off T,0.022910038
16.312590995914775,25.00255351794814,103.9,37.625,right_foot,open_play,from_goal_kick,0,0,0,1,1,0,0,0,0,0,3857268,FIFA World Cup,2022,66,41,Blocked,0.0897183
16.98157549375205,24.22215902467204,103.1,33.3375,left_foot,open_play,regular_play,0,0,0,1,0,0,0,0,0,0,3857268,FIFA World Cup,2022,76,49,Blocked,0.04574546
12.333294622686994,31.910059295385903,108.2,38.5875,head,open_play,from_free_kick,0,0,1,0,0,0,0,0,1,0,3857268,FIFA World Cup,2022,79,29,Saved,0.07200206
8.101166968406465,46.425875471777346,112.5,38.0625,head,open_play,from_free_kick,0,0,1,0,0,1,0,0,1,0,3857268,FIFA World Cup,2022,84,35,Off T,0.08894938
23.404089519782655,17.773276530182024,96.6,34.5625,right_foot,open_play,regular_play,0,0,0,1,0,0,0,0,0,0,3857268,FIFA World Cup,2022,85,9,Off T,0.061057936
8.58342334095202,45.22553765108629,111.7,32.8125,head,open_play,from_goal_kick,0,0,1,0,0,1,0,0,0,0,3857268,FIFA World Cup,2022,85,40,Off T,0.111036494
25.844562411656344,13.822133248327917,98.0,48.5625,right_foot,open_play,from_goal_kick,0,0,0,1,0,0,0,0,0,0,3857268,FIFA World Cup,2022,90,3,Blocked,0.025805552
17.74063133036702,7.883283975122428,114.3,51.8,right_foot,open_play,from_corner,0,0,0,1,0,0,0,0,1,0,3857268,FIFA World Cup,2022,90,51,Saved,0.009170555
9.53179711544471,40.06579077649712,111.1,31.5875,head,open_play,from_keeper,0,0,1,0,0,1,0,0,0,0,3857268,FIFA World Cup,2022,91,22,Blocked,0.06675813
10.127808252529269,22.71557947977046,114.9,26.25,right_foot,open_play,from_corner,0,0,0,1,1,0,0,0,1,0,3857269,FIFA World Cup,2022,5,47,Off T,0.05117428
9.485383492510996,37.05873273194605,112.1,29.75,right_foot,open_play,regular_play,0,0,0,1,1,0,0,0,0,0,3857269,FIFA World Cup,2022,26,41,Saved,0.21638125
25.701340553558683,16.208627519321574,94.3,34.7375,right_foot,open_play,from_corner,0,0,0,1,1,0,0,0,1,0,3857269,FIFA World Cup,2022,27,17,Wayward,0.023129713
30.38816587094391,13.522947087187733,90.1,40.425,left_foot,open_play,from_free_kick,0,0,0,1,0,0,0,0,1,0,3857269,FIFA World Cup,2022,30,19,Saved,0.02201561
15.834850804475549,25.97936070013052,104.2,36.05,head,open_play,from_free_kick,0,0,1,0,0,1,0,0,1,0,3857269,FIFA World Cup,2022,31,27,Blocked,0.022230485
27.154753267153797,15.161199269922983,93.2,39.375,right_foot,open_play,from_throw_in,0,0,0,1,0,0,0,0,0,0,3857269,FIFA World Cup,2022,36,51,Blocked,0.02857021
5.86335281643532,60.17373271333222,115.0,38.0625,head,open_play,from_corner,0,0,1,0,0,1,0,0,1,0,3857269,FIFA World Cup,2022,43,40,Blocked,0.14148508
10.679419459877026,28.28728465668215,112.6,42.7,right_foot,open_play,from_free_kick,0,0,0,1,1,0,0,0,1,0,3857269,FIFA World Cup,2022,52,37,Blocked,0.087867536
19.806454124855364,16.873052206606665,104.3,22.925,right_foot,open_play,from_free_kick,0,0,0,1,0,0,0,0,1,0,3857269,FIFA World Cup,2022,53,31,Blocked,0.029704679
16.84918859322312,24.061105868788577,103.5,38.4125,head,open_play,from_corner,0,0,1,0,0,0,0,0,1,0,3857269,FIFA World Cup,2022,54,10,Wayward,0.028123023
20.766574705521364,19.843072136898225,99.4,32.375,right_foot,open_play,regular_play,0,0,0,1,1,0,0,0,0,0,3857269,FIFA World Cup,2022,59,39,Blocked,0.0625126
22.732410782844827,18.193156870810594,97.4,37.45,right_foot,open_play,regular_play,0,0,0,1,0,0,0,0,0,0,3857269,FIFA World Cup,2022,59,54,Blocked,0.029247057
9.671381752366106,40.649295670215636,110.6,32.725,head,open_play,from_free_kick,0,0,1,0,0,1,0,0,1,0,3857269,FIFA World Cup,2022,69,40,Wayward,0.07814184
17.565168836364766,17.870553612718954,107.0,23.1875,left_foot,open_play,from_counter,0,0,0,1,1,0,0,0,0,0,3857269,FIFA World Cup,2022,71,4,Blocked,0.038312852
18.941109392007636,20.669732435238004,102.2,41.475,head,open_play,from_corner,0,0,1,0,0,0,0,0,1,0,3857269,FIFA World Cup,2022,80,58,Saved,0.021188514
16.544353266296028,21.068357279305197,106.3,25.725,right_foot,open_play,regular_play,0,0,0,1,1,0,0,0,0,1,3857269,FIFA World Cup,2022,82,15,Goal,0.068805926
16.410076934615507,16.416894693425174,109.7,22.225,right_foot,open_play,from_throw_in,0,0,0,1,0,0,0,0,0,0,3857269,FIFA World Cup,2022,86,25,Saved,0.04824855
23.05180307481391,14.195464676095336,102.1,49.525,left_foot,open_play,from_corner,0,0,0,1,0,0,0,0,1,0,3857269,FIFA World Cup,2022,86,51,Off T,0.020722246
14.287078952676088,28.59012033754658,105.8,36.575,right_foot,open_play,from_free_kick,0,0,0,1,1,0,0,0,1,0,3857269,FIFA World Cup,2022,93,27,Blocked,0.19349767
21.77134369417745,16.300041320496256,101.6,46.6375,right_foot,open_play,regular_play,0,0,0,1,1,0,0,0,0,0,3869321,FIFA World Cup,2022,4,33,Blocked,0.02377054
25.075588851510553,15.554052792438767,96.6,44.0125,left_foot,open_play,from_throw_in,0,0,0,1,0,0,0,0,0,0,3869321,FIFA World Cup,2022,21,36,Off T,0.037832856
19.420482904655078,20.317906296130314,101.6,28.7875,left_foot,open_play,regular_play,0,0,0,1,0,0,0,0,0,0,3869321,FIFA World Cup,2022,23,42,Off T,0.089517
22.490223570476132,18.417124968788883,97.6,37.0125,right_foot,open_play,regular_play,0,0,0,1,1,1,0,0,0,0,3869321,FIFA World Cup,2022,32,39,Saved,0.049762752
11.100450441310935,35.99860094336925,109.1,37.1,right_foot,open_play,from_throw_in,0,0,0,1,0,0,1,0,0,1,3869321,FIFA World Cup,2022,34,4,Goal,0.43442267
17.394844782291102,22.04795850591938,104.0,28.175,right_foot,open_play,regular_play,0,0,0,1,0,1,0,0,0,0,3869321,FIFA World Cup,2022,39,9,Saved,0.03387043
24.705645230392182,16.39833956181141,96.0,29.1375,left_foot,free_kick,from_free_kick,0,1,0,1,0,0,0,0,1,0,3869321,FIFA World Cup,2022,62,29,Off T,0.07608311
12.0,33.92341177306582,108.0,35.0,left_foot,penalty,other,1,0,0,1,0,0,0,0,1,1,3869321,FIFA World Cup,2022,72,39,Goal,0.7835
12.61150268604023,29.591905646453736,108.7,40.6,head,open_play,from_free_kick,0,0,1,0,0,0,0,0,1,1,3869321,FIFA World Cup,2022,82,17,Goal,0.047416847
19.302626926146612,17.423651500238236,104.6,46.6375,left_foot,open_play,from_free_kick,0,0,0,1,1,0,0,0,1,0,3869321,FIFA World Cup,2022,84,33,Blocked,0.032538008
13.025269910831025,16.934889804691267,113.5,46.2875,right_foot,open_play,from_free_kick,0,0,0,1,1,0,0,0,1,0,3869321,FIFA World Cup,2022,89,35,Off T,0.047394842
22.87392415502858,18.126484413591957,97.2,33.1625,left_foot,free_kick,from_free_kick,0,1,0,1,0,0,0,0,1,0,3869321,FIFA World Cup,2022,92,12,Blocked,0.08017064
8.200466831223698,48.10232623813171,111.8,34.9125,left_foot,open_play,from_free_kick,0,0,0,1,0,1,0,0,1,1,3869321,FIFA World Cup,2022,100,32,Goal,0.21959315
22.19552671711127,16.10229610413671,101.1,46.6375,left_foot,open_play,from_free_kick,0,0,0,1,0,1,0,0,1,0,3869321,FIFA World Cup,2022,109,18,Off T,0.035418287
13.632039465905308,21.121438296936276,110.9,24.85,left_foot,open_play,from_free_kick,0,0,0,1,1,0,0,0,1,0,3869321,FIFA World Cup,2022,112,14,Blocked,0.05290734
11.700487436427595,31.89478568228135,109.5,40.1625,right_foot,open_play,from_free_kick,0,0,0,1,1,0,0,0,1,0,3869321,FIFA World Cup,2022,113,47,Blocked,0.2245604
26.013373964174658,15.892810435971981,94.2,38.325,left_foot,open_play,from_corner,0,0,0,1,0,0,0,0,1,0,3869321,FIFA World Cup,2022,114,54,Blocked,0.032085553
10.686447316578134,28.57351719199727,112.5,27.3875,head,open_play,from_corner,0,0,1,0,0,1,0,0,1,0,3869321,FIFA World Cup,2022,115,53,Off T,0.04452438
22.43347108674893,18.506464029865565,97.6,33.775,left_foot,open_play,from_keeper,0,0,0,1,1,1,0,0,0,0,3869321,FIFA World Cup,2022,118,36,Saved,0.08241133
23.441842930964285,17.718317780678724,96.6,36.4,left_foot,open_play,from_throw_in,0,0,0,1,0,1,0,0,0,0,3869321,FIFA World Cup,2022,119,27,Blocked,0.04201436
24.20865354062468,16.248143457132862,97.2,43.1375,right_foot,open_play,from_corner,0,0,0,1,0,0,0,0,1,0,3869321,FIFA World Cup,2022,120,9,Post,0.038940463
11.900321686828475,34.19033371584598,108.1,35.0875,right_foot,penalty,other,1,0,0,1,0,0,0,0,1,0,3869321,FIFA World Cup,2022,120,5,Saved,0.7835
11.900321686828475,34.19033371584598,108.1,35.0875,left_foot,penalty,other,1,0,0,1,0,0,0,0,1,1,3869321,FIFA World Cup,2022,121,3,Goal,0.7835
11.900321686828475,34.19033371584598,108.1,35.0875,left_foot,penalty,other,1,0,0,1,0,0,0,0,1,0,3869321,FIFA World Cup,2022,121,45,Saved,0.7835
11.900321686828475,34.19033371584598,108.1,35.0875,right_foot,penalty,other,1,0,0,1,0,0,0,0,1,1,3869321,FIFA World Cup,2022,122,39,Goal,0.7835
11.900321686828475,34.19033371584598,108.1,35.0875,left_foot,penalty,other,1,0,0,1,0,0,0,0,1,1,3869321,FIFA World Cup,2022,123,31,Goal,0.7835
11.900321686828475,34.19033371584598,108.1,35.0875,right_foot,penalty,other,1,0,0,1,0,0,0,0,1,1,3869321,FIFA World Cup,2022,124,15,Goal,0.7835
11.900321686828475,34.19033371584598,108.1,35.0875,right_foot,penalty,other,1,0,0,1,0,0,0,0,1,1,3869321,FIFA World Cup,2022,124,59,Goal,0.7835
11.900321686828475,34.19033371584598,108.1,35.0875,right_foot,penalty,other,1,0,0,1,0,0,1,0,1,0,3869321,FIFA World Cup,2022,126,0,Off T,0.7835
11.900321686828475,34.19033371584598,108.1,35.0875,right_foot,penalty,other,1,0,0,1,0,0,0,0,1,1,3869321,FIFA World Cup,2022,126,40,Goal,0.7835
11.900321686828475,34.19033371584598,108.1,35.0875,right_foot,penalty,other,1,0,0,1,0,0,0,0,1,1,3869321,FIFA World Cup,2022,127,42,Goal,0.7835
22.30213344615264,17.146855936375683,99.6,25.9875,right_foot,open_play,regular_play,0,0,0,1,0,0,0,0,0,0,3857292,FIFA World Cup,2022,1,49,Saved,0.06331741
12.619429464123963,27.78761067123951,109.5,42.0,right_foot,open_play,from_throw_in,0,0,0,1,1,0,0,0,0,0,3857292,FIFA World Cup,2022,6,57,Wayward,0.15352516
11.985407794480752,33.54967405653085,108.2,37.1,head,open_play,from_free_kick,0,0,1,0,0,0,1,0,1,0,3857292,FIFA World Cup,2022,8,2,Off T,0.14610097
10.102544543331641,33.7711715102498,111.9,28.9625,head,open_play,regular_play,0,0,1,0,0,0,0,0,0,1,3857292,FIFA World Cup,2022,9,31,Goal,0.0895267
7.817648303678037,46.62577154072255,113.1,31.325,head,open_play,regular_play,0,0,1,0,0,0,1,0,0,0,3857292,FIFA World Cup,2022,13,56,Saved,0.18187125
8.454963409146139,46.62731615215052,111.6,35.9625,head,open_play,from_corner,0,0,1,0,0,1,0,0,1,0,3857292,FIFA World Cup,2022,20,33,Wayward,0.069567084
16.805993164642185,21.933043369138602,105.2,27.0375,right_foot,open_play,from_goal_kick,0,0,0,1,0,0,0,0,0,0,3857292,FIFA World Cup,2022,29,32,Blocked,0.044056788
30.86892652814477,12.136245002088923,92.4,48.825,right_foot,open_play,regular_play,0,0,0,1,0,0,0,0,0,0,3857292,FIFA World Cup,2022,34,3,Saved,0.011488004
15.357408635573904,25.19934739093147,105.7,29.4,right_foot,open_play,regular_play,0,0,0,1,0,0,0,0,0,0,3857292,FIFA World Cup,2022,35,30,Off T,0.16202919
16.712051228080885,20.52592698911276,106.4,25.2875,right_foot,open_play,from_throw_in,0,0,0,1,0,0,0,0,0,0,3857292,FIFA World Cup,2022,38,59,Off T,0.06251996
15.988203659260789,20.996236419884518,107.3,44.7125,right_foot,open_play,from_free_kick,0,0,0,1,0,0,1,0,1,0,3857292,FIFA World Cup,2022,41,56,Saved,0.14103858
22.557274325591735,17.622982294144215,98.5,41.825,left_foot,open_play,regular_play,0,0,0,1,0,1,0,0,0,0,3857292,FIFA World Cup,2022,44,35,Off T,0.080942705
20.87471930949013,19.559655339691098,99.5,38.9375,left_foot,open_play,from_throw_in,0,0,0,1,0,0,0,0,0,0,3857292,FIFA World Cup,2022,45,12,Blocked,0.078109905
16.857718002446234,16.702327401893882,108.9,47.6875,right_foot,open_play,from_throw_in,0,0,0,1,1,0,0,0,0,0,3857292,FIFA World Cup,2022,51,11,Blocked,0.050267275
24.093259560507786,16.39929958741362,97.2,42.7875,right_foot,open_play,from_throw_in,0,0,0,1,0,1,0,0,0,0,3857292,FIFA World Cup,2022,51,29,Saved,0.042256437
22.447247186459187,16.068213541508367,100.7,23.5375,right_foot,open_play,from_corner,0,0,0,1,1,0,0,0,1,0,3857292,FIFA World Cup,2022,54,46,Blocked,0.029866349
29.002111992060165,14.384144123759725,91.0,34.65,left_foot,open_play,from_corner,0,0,0,1,0,0,0,0,1,0,3857292,FIFA World Cup,2022,54,54,Off T,0.02438984
12.063814695194878,31.587074696208905,108.9,39.725,head,open_play,regular_play,0,0,1,0,0,0,0,0,0,0,3857292,FIFA World Cup,2022,57,38,Saved,0.099276
5.9375000000000036,62.35092387063849,114.3,33.3375,right_foot,open_play,regular_play,0,0,0,1,1,0,0,0,0,1,3857292,FIFA World Cup,2022,57,39,Goal,0.4798206
13.367644005208994,21.29063694746457,111.2,24.9375,left_foot,open_play,regular_play,0,0,0,1,0,0,0,0,0,0,3857292,FIFA World Cup,2022,60,12,Post,0.082946144
7.9124210106641835,21.881337160562417,117.3,27.5625,right_foot,open_play,from_counter,0,0,0,1,1,0,0,0,0,0,3857292,FIFA World Cup,2022,60,14,Off T,0.1066145
15.079124643028853,25.110183586932955,106.3,41.3,right_foot,open_play,regular_play,0,0,0,1,0,0,0,0,0,0,3857292,FIFA World Cup,2022,61,1,Blocked,0.05438086
6.614803474027023,52.98009106435034,114.5,38.675,right_foot,open_play,from_corner,0,0,0,1,1,1,0,0,1,0,3857292,FIFA World Cup,2022,61,42,Post,0.41498688
22.227966618654083,16.458575461705767,100.6,24.15,right_foot,open_play,from_throw_in,0,0,0,1,0,0,0,0,0,0,3857292,FIFA World Cup,2022,66,28,Post,0.037713535
13.40420293228956,29.209161296957703,107.3,30.7125,right_foot,open_play,from_throw_in,0,0,0,1,0,0,0,0,0,0,3857292,FIFA World Cup,2022,66,50,Off T,0.110909514
4.750542732151773,72.18854517691977,116.1,37.7125,left_foot,open_play,from_free_kick,0,0,0,1,1,0,0,0,1,0,3857292,FIFA World Cup,2022,69,6,Saved,0.18427365
10.939178442643673,36.39125985931312,109.3,37.275,right_foot,open_play,from_kick_off,0,0,0,1,0,0,0,0,0,1,3857292,FIFA World Cup,2022,72,4,Goal,0.4749194
17.552492700468502,23.133908458414094,102.8,31.5,left_foot,open_play,from_free_kick,0,0,0,1,1,0,0,0,1,0,3857292,FIFA World Cup,2022,73,55,Off T,0.14038351
6.264233791933373,53.66287590184715,115.2,39.025,right_foot,open_play,from_counter,0,0,0,1,1,0,0,0,0,0,3857292,FIFA World Cup,2022,75,18,Saved,0.36338806
26.205342966654715,15.55234464038335,94.4,40.6,left_foot,open_play,from_throw_in,0,0,0,1,0,0,0,0,0,0,3857292,FIFA World Cup,2022,79,4,Off T,0.037811525
17.377068222228978,21.33798843940057,104.6,26.95,right_foot,open_play,from_free_kick,0,0,0,1,0,0,0,0,1,0,3857292,FIFA World Cup,2022,83,2,Off T,0.060394496
7.212489168102791,52.59418862454324,113.1,32.9,left_foot,open_play,regular_play,0,0,0,1,1,0,0,0,0,1,3857292,FIFA World Cup,2022,84,2,Goal,0.31018513
14.884576749105092,18.654401471733113,110.4,23.625,left_foot,open_play,from_counter,0,0,0,1,0,0,1,0,0,0,3857292,FIFA World Cup,2022,85,21,Saved,0.11890341
13.376191535710005,29.894227648245995,107.0,38.15,head,open_play,from_counter,0,0,1,0,0,0,0,0,0,0,3857292,FIFA World Cup,2022,85,23,Saved,0.066507556
5.641378931608834,64.16499341462297,114.8,37.1875,left_foot,open_play,from_throw_in,0,0,0,1,1,0,0,0,0,1,3857292,FIFA World Cup,2022,88,13,Goal,0.510154
18.9163991354063,21.883700843165762,101.1,34.2125,right_foot,open_play,regular_play,0,0,0,1,0,0,0,0,0,0,3857292,FIFA World Cup,2022,94,58,Blocked,0.046867393
6.723849808703342,25.78867475994794,117.9,28.6125,head,open_play,regular_play,0,0,1,0,0,0,1,0,0,0,3857292,FIFA World Cup,2022,95,14,Off T,0.13407986
12.502755946190424,32.627513684132424,107.5,35.2625,left_foot,open_play,regular_play,0,0,0,1,0,0,0,0,0,0,3857292,FIFA World Cup,2022,99,26,Saved,0.085460834
30.768419280164522,12.514532213408629,91.7,47.075,left_foot,open_play,regular_play,0,0,0,1,1,0,0,0,0,0,3857295,FIFA World Cup,2022,2,18,Wayward,0.015573137
30.649696674681795,13.298178262021873,90.1,41.7375,left_foot,open_play,from_free_kick,0,0,0,1,1,0,0,0,1,0,3857295,FIFA World Cup,2022,3,36,Wayward,0.01353695
31.21542086853868,12.456229650348048,91.0,23.45,left_foot,open_play,regular_play,0,0,0,1,1,0,0,0,0,0,3857295,FIFA World Cup,2022,34,14,Blocked,0.014244432
21.259442754926575,17.59500721062517,101.0,25.4625,left_foot,open_play,regular_play,0,0,0,1,1,0,0,0,0,0,3857295,FIFA World Cup,2022,34,18,Off T,0.051288527
22.378927727887238,16.639022779398474,100.1,45.2375,left_foot,open_play,regular_play,0,0,0,1,0,0,0,0,0,0,3857295,FIFA World Cup,2022,37,45,Blocked,0.03132781
20.23268163763765,18.975422728649235,101.4,27.0375,right_foot,open_play,from_kick_off,0,0,0,1,0,0,0,0,0,0,3857295,FIFA World Cup,2022,45,25,Saved,0.09737273
18.23363992734309,20.04058356317316,104.1,43.925,right_foot,open_play,from_kick_off,0,0,0,1,1,0,0,0,0,0,3857295,FIFA World Cup,2022,45,28,Blocked,0.051375452
24.818670517374613,16.76593416596351,95.2,35.9625,right_foot,open_play,from_throw_in,0,0,0,1,0,1,0,0,0,0,3857295,FIFA World Cup,2022,47,9,Blocked,0.042255066
12.591471568089258,32.01943964729482,107.6,32.8125,head,open_play,from_throw_in,0,0,1,0,0,0,0,0,0,0,3857295,FIFA World Cup,2022,47,13,Saved,0.08747226
15.0,27.42447371706407,105.0,35.0,left_foot,open_play,from_corner,0,0,0,1,0,0,0,0,1,0,3857295,FIFA World Cup,2022,49,26,Blocked,0.07774679
17.670919790718315,22.48588169337253,103.1,29.8375,right_foot,open_play,from_corner,0,0,0,1,0,0,0,0,1,0,3857295,FIFA World Cup,2022,49,29,Blocked,0.04122181
21.412003788762973,13.502209442314127,105.4,19.3375,right_foot,open_play,from_goal_kick,0,0,0,1,0,0,0,0,0,0,3857295,FIFA World Cup,2022,56,21,Wayward,0.022210024
22.220855209689844,18.454741043313472,98.1,31.2375,right_foot,free_kick,from_free_kick,0,1,0,1,0,0,0,0,1,0,3857295,FIFA World Cup,2022,62,40,Off T,0.08557594
19.007366992826753,21.58274481702917,101.2,37.8,right_foot,free_kick,from_free_kick,0,1,0,1,0,0,0,0,1,0,3857295,FIFA World Cup,2022,71,22,Blocked,0.10029054
24.589558886852767,16.74375356651428,95.7,38.7625,right_foot,open_play,from_free_kick,0,0,0,1,0,0,0,0,1,0,3857295,FIFA World Cup,2022,71,24,Blocked,0.027111016
18.59640842340263,20.963904070455886,102.6,41.5625,left_foot,open_play,regular_play,0,0,0,1,0,0,0,0,0,1,3857295,FIFA World Cup,2022,80,8,Goal,0.120298475
12.182364302548171,33.04791795280051,108.0,32.9,right_foot,open_play,regular_play,0,0,0,1,1,0,0,0,0,0,3857295,FIFA World Cup,2022,87,48,Saved,0.09400092
28.953799405259403,13.761380457887897,92.4,26.25,right_foot,open_play,regular_play,0,0,0,1,0,0,0,0,0,0,3869685,FIFA World Cup,2022,4,40,Saved,0.024542088
21.918545942876776,18.056542839735958,99.2,41.9125,right_foot,open_play,regular_play,0,0,0,1,0,0,0,0,0,0,3869685,FIFA World Cup,2022,7,36,Blocked,0.062813334
17.548094625913098,22.782602422672415,103.1,30.275,right_foot,open_play,regular_play,0,0,0,1,1,0,0,0,0,0,3869685,FIFA World Cup,2022,16,15,Off T,0.106800534
12.0,33.92341177306582,108.0,35.0,left_foot,penalty,other,1,0,0,1,0,0,0,0,1,1,3869685,FIFA World Cup,2022,22,24,Goal,0.7835
29.477642481209383,12.401421605878637,94.3,20.5625,right_foot,open_play,regular_play,0,0,0,1,1,0,0,0,0,0,3869685,FIFA World Cup,2022,31,35,Wayward,0.010577817
10.72486159584356,30.567378100263138,111.8,28.0875,left_foot,open_play,from_counter,0,0,0,1,1,0,0,0,0,1,3869685,FIFA World Cup,2022,35,22,Goal,0.30340916
19.867596891672637,17.774616853057964,103.3,45.7625,right_foot,open_play,from_throw_in,0,0,0,1,1,0,0,0,0,0,3869685,FIFA World Cup,2022,48,49,Saved,0.040216275
16.273295801711463,15.460590637288428,110.5,21.7875,left_foot,open_play,from_free_kick,0,0,0,1,0,0,1,0,1,0,3869685,FIFA World Cup,2022,58,21,Saved,0.05953379
11.56081744514634,32.085975958401164,109.7,40.25,right_foot,open_play,regular_play,0,0,0,1,0,0,0,0,0,0,3869685,FIFA World Cup,2022,59,51,Off T,0.11555985
8.11699605765581,42.62657288152149,113.4,30.275,head,open_play,from_corner,0,0,1,0,0,1,0,0,1,0,3869685,FIFA World Cup,2022,67,15,Off T,0.09618377
20.45348763047515,17.554022232038445,102.5,24.4125,right_foot,open_play,regular_play,0,0,0,1,0,0,0,0,0,0,3869685,FIFA World Cup,2022,70,9,Off T,0.050644457
22.17635283359281,17.892908776391714,98.9,28.175,right_foot,open_play,from_goal_kick,0,0,0,1,0,0,0,0,0,0,3869685,FIFA World Cup,2022,71,31,Saved,0.041589838
12.0,33.92341177306582,108.0,35.0,right_foot,penalty,other,1,0,0,1,0,0,0,0,1,1,3869685,FIFA World Cup,2022,79,24,Goal,0.7835
17.495110924198226,20.814376022983566,104.8,26.3375,right_foot,open_play,from_throw_in,0,0,0,1,1,0,0,0,0,1,3869685,FIFA World Cup,2022,80,59,Goal,0.1017027
28.03052186902698,14.761276574503665,92.2,31.4125,right_foot,open_play,from_throw_in,0,0,0,1,0,0,0,0,0,0,3869685,FIFA World Cup,2022,83,23,Blocked,0.030159522
25.047766866529233,16.030326422391163,95.9,28.175,right_foot,open_play,from_counter,0,0,0,1,0,0,0,0,0,0,3869685,FIFA World Cup,2022,92,57,Blocked,0.0324491
14.982119551318494,21.054507405976032,108.9,24.9375,left_foot,open_play,from_corner,0,0,0,1,1,0,0,0,1,0,3869685,FIFA World Cup,2022,93,45,Saved,0.09333491
23.813024928597372,17.466695100546342,96.2,35.7875,left_foot,open_play,regular_play,0,0,0,1,0,0,0,0,0,0,3869685,FIFA World Cup,2022,96,37,Saved,0.0430315
26.003281042976095,13.537412945506317,98.2,20.825,right_foot,open_play,from_free_kick,0,0,0,1,1,0,0,0,1,0,3869685,FIFA World Cup,2022,92,5,Off T,0.019259434
30.20012675883994,13.820074650891787,89.8,34.9125,right_foot,open_play,from_free_kick,0,0,0,1,0,0,0,0,1,0,3869685,FIFA World Cup,2022,99,54,Blocked,0.023031652
12.122145282498478,31.544878978265498,108.8,39.6375,right_foot,open_play,regular_play,0,0,0,1,0,0,0,0,0,0,3869685,FIFA World Cup,2022,104,28,Blocked,0.23260574
25.086662292939653,15.730139707747846,96.3,43.225,right_foot,open_play,regular_play,0,0,0,1,1,0,0,0,0,0,3869685,FIFA World Cup,2022,104,30,Blocked,0.020604363
15.948594177857814,24.35319942042878,105.1,29.3125,left_foot,open_play,from_counter,0,0,0,1,0,0,0,0,0,0,3869685,FIFA World Cup,2022,105,41,Off T,0.14029205
21.44972319168712,15.042646671614996,103.6,48.825,left_foot,open_play,from_throw_in,0,0,0,1,1,0,0,0,0,0,3869685,FIFA World Cup,2022,106,55,Saved,0.024784861
11.899999999999997,17.729830780633563,114.4,45.5,right_foot,open_play,regular_play,0,0,0,1,0,0,1,0,0,0,3869685,FIFA World Cup,2022,107,57,Saved,0.10407211
4.295419071522596,78.51878247029842,116.6,37.625,right_foot,open_play,regular_play,0,0,0,1,1,0,0,0,0,1,3869685,FIFA World Cup,2022,107,58,Goal,0.48840353
21.987169554083124,16.154211245665607,101.4,23.275,right_foot,open_play,from_corner,0,0,0,1,0,0,0,0,1,0,3869685,FIFA World Cup,2022,115,38,Blocked,0.03075741
12.0,33.92341177306582,108.0,35.0,right_foot,penalty,other,1,0,0,1,0,0,0,0,1,1,3869685,FIFA World Cup,2022,117,5,Goal,0.7835
16.899819710576793,23.669092625600726,103.7,39.4625,right_foot,open_play,from_free_kick,0,0,0,1,1,0,0,0,1,0,3869685,FIFA World Cup,2022,122,44,Saved,0.27751395
9.305912099305475,42.612339989991945,110.8,36.4,head,open_play,regular_play,0,0,1,0,0,0,0,0,0,0,3869685,FIFA World Cup,2022,122,59,Off T,0.10655013
11.900321686828475,34.19033371584598,108.1,35.0875,right_foot,penalty,other,1,0,0,1,0,0,0,0,1,1,3869685,FIFA World Cup,2022,120,13,Goal,0.7835
11.900321686828475,34.19033371584598,108.1,35.0875,left_foot,penalty,other,1,0,0,1,0,0,0,0,1,1,3869685,FIFA World Cup,2022,121,2,Goal,0.7835
11.900321686828475,34.19033371584598,108.1,35.0875,right_foot,penalty,other,1,0,0,1,0,0,0,0,1,0,3869685,FIFA World Cup,2022,121,42,Saved,0.7835
11.900321686828475,34.19033371584598,108.1,35.0875,left_foot,penalty,other,1,0,0,1,0,0,0,0,1,1,3869685,FIFA World Cup,2022,122,27,Goal,0.7835
11.900321686828475,34.19033371584598,108.1,35.0875,right_foot,penalty,other,1,0,0,1,0,0,1,0,1,0,3869685,FIFA World Cup,2022,123,29,Off T,0.7835
11.900321686828475,34.19033371584598,108.1,35.0875,right_foot,penalty,other,1,0,0,1,0,0,0,0,1,1,3869685,FIFA World Cup,2022,124,16,Goal,0.7835
11.900321686828475,34.19033371584598,108.1,35.0875,right_foot,penalty,other,1,0,0,1,0,0,0,0,1,1,3869685,FIFA World Cup,2022,125,9,Goal,0.7835
11.900321686828475,34.19033371584598,108.1,35.0875,right_foot,penalty,other,1,0,0,1,0,0,0,0,1,1,3869685,FIFA World Cup,2022,125,57,Goal,0.7835
11.335894318491155,35.46007648964198,108.8,33.25,head,open_play,from_free_kick,0,0,1,0,0,0,0,0,1,1,3869684,FIFA World Cup,2022,6,28,Goal,0.1243582
4.486159270467339,78.19757406034945,115.6,34.125,head,open_play,from_free_kick,0,0,1,0,0,0,1,0,1,1,3869684,FIFA World Cup,2022,8,17,Goal,0.4178385
24.923495441049194,13.86876445008724,99.5,20.825,right_foot,open_play,from_kick_off,0,0,0,1,0,0,0,0,0,0,3869684,FIFA World Cup,2022,9,35,Off T,0.02730659
25.625259145031094,16.241732679574095,94.4,36.1375,right_foot,open_play,from_throw_in,0,0,0,1,1,0,0,0,0,0,3869684,FIFA World Cup,2022,13,55,Off T,0.040524755
15.136462598639083,27.13031991288467,104.9,33.95,right_foot,open_play,regular_play,0,0,0,1,0,0,0,0,0,0,3869684,FIFA World Cup,2022,17,21,Blocked,0.11308218
9.817968221582307,37.499234704705266,111.3,30.45,head,open_play,from_counter,0,0,1,0,0,0,0,0,0,0,3869684,FIFA World Cup,2022,17,29,Saved,0.13429043
20.555720766978713,18.5905003649691,101.2,43.3125,left_foot,open_play,from_throw_in,0,0,0,1,0,0,0,0,0,0,3869684,FIFA World Cup,2022,23,25,Saved,0.07012748
11.923512747927932,23.364866299232386,112.4,25.8125,left_foot,open_play,regular_play,0,0,0,1,1,0,0,0,0,0,3869684,FIFA World Cup,2022,32,9,Off T,0.08611878
8.092289926219898,17.17950970942601,117.8,42.7875,head,open_play,from_corner,0,0,1,0,0,1,0,0,1,0,3869684,FIFA World Cup,2022,36,19,Off T,0.04761149
31.684304572611346,12.258256363654752,90.6,46.8125,left_foot,open_play,from_goal_kick,0,0,0,1,0,0,0,0,0,0,3869684,FIFA World Cup,2022,39,41,Off T,0.014617449
21.212765172178756,12.753834887796735,106.5,18.6375,right_foot,open_play,regular_play,0,0,0,1,1,0,0,0,0,1,3869684,FIFA World Cup,2022,41,43,Goal,0.013095795
29.503243995364308,14.141809198185442,90.5,34.5625,right_foot,open_play,regular_play,0,0,0,1,0,0,0,0,0,0,3869684,FIFA World Cup,2022,46,36,Blocked,0.02019975
23.65947220459493,14.42545158929177,100.8,21.175,right_foot,open_play,from_free_kick,0,0,0,1,0,0,0,0,1,0,3869684,FIFA World Cup,2022,46,22,Blocked,0.028195048
34.550334658292385,11.395508854105682,87.5,23.275,right_foot,open_play,from_corner,0,0,0,1,1,0,0,0,1,0,3869684,FIFA World Cup,2022,54,5,Off T,0.0065055056
9.41017567583093,42.47528849092555,110.6,35.4375,head,open_play,from_free_kick,0,0,1,0,0,1,0,0,1,0,3869684,FIFA World Cup,2022,64,57,Blocked,0.072652236
29.22614679101574,14.216904468778619,90.9,32.2875,right_foot,open_play,regular_play,0,0,0,1,0,0,0,0,0,0,3869684,FIFA World Cup,2022,70,24,Off T,0.03597725
8.543647128129768,28.929440719826932,115.5,42.2625,left_foot,open_play,regular_play,0,0,0,1,0,0,1,0,0,0,3869684,FIFA World Cup,2022,74,35,Saved,0.16040824
13.54224870544032,22.66923056844054,110.3,25.55,left_foot,open_play,regular_play,0,0,0,1,0,0,0,0,0,0,3869684,FIFA World Cup,2022,86,30,Off T,0.23560598
9.601505415818911,40.2112372249041,110.9,31.9375,head,open_play,from_free_kick,0,0,1,0,0,1,0,0,1,0,3869684,FIFA World Cup,2022,89,48,Blocked,0.057190012
30.993731725140815,13.220669536495292,89.6,41.0375,left_foot,open_play,from_free_kick,0,0,0,1,0,0,0,0,1,0,3869684,FIFA World Cup,2022,90,4,Off T,0.021768013
7.057664273681491,52.1420199374984,113.6,37.975,head,open_play,from_free_kick,0,0,1,0,0,1,0,0,1,0,3869684,FIFA World Cup,2022,95,31,Off T,0.1132524
24.02295776960031,17.30971434235248,96.0,33.95,left_foot,open_play,from_kick_off,0,0,0,1,1,0,0,0,0,0,3857256,FIFA World Cup,2022,0,18,Blocked,0.036565553
6.927131892060384,55.595361108151614,113.1,35.6125,left_foot,open_play,from_kick_off,0,0,0,1,1,0,0,0,0,0,3857256,FIFA World Cup,2022,0,22,Saved,0.35328916
16.28508232248152,25.217137037621413,103.8,36.6625,right_foot,open_play,from_kick_off,0,0,0,1,1,0,0,0,0,0,3857256,FIFA World Cup,2022,0,23,Saved,0.06952749
8.287339742040261,45.92354222430868,112.2,32.2,head,open_play,from_corner,0,0,1,0,0,0,0,0,1,0,3857256,FIFA World Cup,2022,4,35,Off T,0.08160872
24.374041647826896,15.633872065705642,97.8,45.0625,left_foot,open_play,regular_play,0,0,0,1,0,0,0,0,0,0,3857256,FIFA World Cup,2022,10,5,Post,0.030001678
4.760317741495829,74.61548338888166,115.4,33.775,other,open_play,regular_play,0,0,0,0,0,0,1,0,0,0,3857256,FIFA World Cup,2022,10,7,Saved,0.5168786
12.716530826054724,31.053224997580948,107.8,31.4125,left_foot,open_play,from_free_kick,0,0,0,1,1,0,0,0,1,0,3857256,FIFA World Cup,2022,13,35,Blocked,0.09611784
15.565205588105798,21.79018471170313,107.5,44.275,left_foot,open_play,from_free_kick,0,0,0,1,1,0,0,0,1,1,3857256,FIFA World Cup,2022,19,11,Goal,0.06969889
23.359744353267228,17.336945737591428,97.3,29.4875,left_foot,open_play,regular_play,0,0,0,1,1,0,0,0,0,0,3857256,FIFA World Cup,2022,21,11,Saved,0.04476528
11.151709510205155,34.45222658141167,109.6,30.975,head,open_play,from_free_kick,0,0,1,0,0,0,1,0,1,0,3857256,FIFA World Cup,2022,22,15,Saved,0.08628477
11.76395447968072,34.41813384737712,108.3,33.775,head,open_play,regular_play,0,0,1,0,0,0,0,0,0,1,3857256,FIFA World Cup,2022,25,56,Goal,0.06371751
14.700085033767659,23.950329055511727,107.7,43.05,left_foot,open_play,from_free_kick,0,0,0,1,0,1,1,0,1,0,3857256,FIFA World Cup,2022,29,53,Off T,0.3934682
15.553797767747913,23.84709378915858,106.2,27.825,left_foot,open_play,from_counter,0,0,0,1,1,0,0,0,0,1,3857256,FIFA World Cup,2022,34,28,Goal,0.15928414
20.044953386077005,19.701442844439036,101.0,41.3875,right_foot,open_play,from_throw_in,0,0,0,1,1,0,0,0,0,0,3857256,FIFA World Cup,2022,37,26,Blocked,0.0683221
6.222351344146353,58.2950616732441,114.4,32.2875,right_foot,open_play,regular_play,0,0,0,1,1,0,0,1,0,1,3857256,FIFA World Cup,2022,43,41,Goal,0.72697556
19.11223838931484,20.84104719821446,101.7,29.4875,right_foot,open_play,from_throw_in,0,0,0,1,1,0,0,0,0,0,3857256,FIFA World Cup,2022,47,38,Wayward,0.056521177
12.842994199173335,31.72701163762142,107.2,36.05,left_foot,open_play,from_free_kick,0,0,0,1,1,0,0,0,1,1,3857256,FIFA World Cup,2022,47,38,Goal,0.15381548
12.47347811358163,25.583278068897172,110.7,26.6875,right_foot,open_play,from_free_kick,0,0,0,1,1,0,0,0,1,0,3857256,FIFA World Cup,2022,56,32,Blocked,0.07925899
3.947803978163055,85.61415138612507,116.1,34.3875,right_foot,open_play,from_free_kick,0,0,0,1,1,0,0,0,1,0,3857256,FIFA World Cup,2022,56,33,Off T,0.6647709
14.543173871270323,24.964968998699543,107.4,27.7375,left_foot,open_play,regular_play,0,0,0,1,0,0,0,0,0,0,3857256,FIFA World Cup,2022,60,6,Off T,0.061684445
18.569346380527236,16.950850058869516,106.2,22.575,right_foot,open_play,regular_play,0,0,0,1,0,0,0,0,0,0,3857256,FIFA World Cup,2022,70,49,Blocked,0.03203667
18.01887898843876,22.712987476180615,102.2,37.8,head,open_play,regular_play,0,0,1,0,0,1,0,0,0,0,3857256,FIFA World Cup,2022,72,0,Blocked,0.02594082
23.406145694026595,15.756050634062271,99.4,46.1125,right_foot,open_play,from_free_kick,0,0,0,1,1,0,0,0,1,0,3857256,FIFA World Cup,2022,81,58,Off T,0.030122569
17.618815404277328,19.91393374288109,105.3,25.2875,right_foot,open_play,from_free_kick,0,0,0,1,0,0,0,0,1,0,3857256,FIFA World Cup,2022,88,48,Saved,0.31681746
15.001020798599008,27.421084065322848,105.0,34.825,head,open_play,from_throw_in,0,0,1,0,0,1,0,0,0,0,3857256,FIFA World Cup,2022,91,50,Off T,0.03223471
17.38541504393841,19.919499965285926,105.7,44.8875,left_foot,open_play,from_free_kick,0,0,0,1,1,0,0,0,1,0,3857256,FIFA World Cup,2022,99,51,Off T,0.042810295
27.90045082521069,11.782123952912853,98.2,17.5875,right_foot,open_play,from_free_kick,0,0,0,1,0,0,0,0,1,0,3869151,FIFA World Cup,2022,16,29,Off T,0.011147299
8.823831367382306,42.606715210638626,111.9,38.5,head,open_play,from_corner,0,0,1,0,0,1,0,0,1,0,3869151,FIFA World Cup,2022,28,9,Blocked,0.06809473
17.614912893625103,21.28384893490876,104.2,42.7875,left_foot,open_play,from_free_kick,0,0,0,1,0,0,0,0,1,1,3869151,FIFA World Cup,2022,34,35,Goal,0.06663833
20.242595096726113,20.457937566980394,99.8,33.6875,left_foot,open_play,regular_play,0,0,0,1,0,0,0,0,0,0,3869151,FIFA World Cup,2022,49,59,Saved,0.04517154
13.167579741547037,23.712458200118622,110.4,44.0125,right_foot,open_play,regular_play,0,0,0,1,0,0,0,0,0,1,3869151,FIFA World Cup,2022,56,41,Goal,0.28060678
25.229347989989748,16.118364506379322,95.4,29.4,left_foot,open_play,from_corner,0,0,0,1,0,0,0,0,1,0,3869151,FIFA World Cup,2022,65,50,Off T,0.032841697
21.373117607171864,15.50075115807833,103.2,21.7875,left_foot,open_play,regular_play,0,0,0,1,0,0,0,0,0,0,3869151,FIFA World Cup,2022,74,43,Off T,0.05181273
26.590235519829452,12.955717705700042,98.2,19.775,left_foot,open_play,regular_play,0,0,0,1,1,0,0,0,0,0,3869151,FIFA World Cup,2022,76,9,Blocked,0.013616442
11.124859549675227,31.941385310516857,110.6,29.05,right_foot,open_play,from_free_kick,0,0,0,1,0,0,0,0,1,0,3869151,FIFA World Cup,2022,80,8,Blocked,0.07721693
22.879852627366287,16.013850554248677,100.0,46.1125,left_foot,open_play,from_corner,0,0,0,1,0,1,0,0,1,0,3869151,FIFA World Cup,2022,80,41,Off T,0.033247408
15.897213788900247,19.690016472117286,108.3,45.7625,right_foot,open_play,from_free_kick,0,0,0,1,1,0,0,0,1,0,3869151,FIFA World Cup,2022,87,15,Off T,0.051439364
14.28259977210032,25.465182150153854,107.6,27.9125,right_foot,open_play,from_counter,0,0,0,1,1,0,0,0,0,0,3869151,FIFA World Cup,2022,88,11,Off T,0.24890411
13.049545011225492,26.955332537286395,109.1,27.825,left_foot,open_play,from_throw_in,0,0,0,1,0,0,0,0,0,0,3869151,FIFA World Cup,2022,92,10,Saved,0.37209997
18.738079544072818,18.458560235446072,104.6,45.675,left_foot,open_play,regular_play,0,0,0,1,0,0,0,0,0,0,3869151,FIFA World Cup,2022,92,50,Off T,0.055600196
18.629584167393542,19.787977619990126,103.6,43.8375,right_foot,open_play,regular_play,0,0,0,1,0,0,0,0,0,0,3869151,FIFA World Cup,2022,93,43,Blocked,0.046685893
17.799999999999997,23.238203210697513,102.2,35.0,left_foot,open_play,regular_play,0,0,0,1,0,1,0,0,0,0,3869151,FIFA World Cup,2022,93,54,Blocked,0.032042325
14.201848471237822,24.45769713405792,108.3,26.95,left_foot,open_play,regular_play,0,0,0,1,0,0,0,0,0,0,3869151,FIFA World Cup,2022,93,59,Saved,0.076142184
13.851015305745635,29.155174676345805,106.4,32.375,left_foot,open_play,regular_play,0,0,0,1,1,0,0,0,0,0,3869151,FIFA World Cup,2022,94,0,Wayward,0.110446885
10.735950120972065,26.37371330154116,113.1,43.225,right_foot,open_play,regular_play,0,0,0,1,0,0,0,0,0,0,3869151,FIFA World Cup,2022,96,36,Saved,0.23394231
26.048236504608145,15.617943073189586,94.6,40.775,left_foot,open_play,from_throw_in,0,0,0,1,0,0,0,0,0,0,3857257,FIFA World Cup,2022,2,29,Blocked,0.038979717
10.471635796283222,36.973879728873875,110.1,38.4125,right_foot,open_play,from_goal_kick,0,0,0,1,1,0,0,0,0,0,3857257,FIFA World Cup,2022,10,0,Blocked,0.09599891
16.022138004960514,12.386544405377323,112.7,49.2625,right_foot,open_play,from_goal_kick,0,0,0,1,0,0,1,0,0,0,3857257,FIFA World Cup,2022,10,52,Saved,0.019605601
17.93729093954825,19.961511919356642,104.7,44.3625,right_foot,open_play,from_throw_in,0,0,0,1,0,0,0,0,0,0,3857257,FIFA World Cup,2022,13,33,Off T,0.10059545
25.02160316606432,12.594003170390826,101.3,51.625,left_foot,open_play,from_free_kick,0,0,0,1,0,0,0,0,1,0,3857257,FIFA World Cup,2022,21,44,Saved,0.010740947
13.876964950953797,23.019753353742264,109.6,44.1875,right_foot,open_play,from_throw_in,0,0,0,1,1,0,0,0,0,0,3857257,FIFA World Cup,2022,24,7,Saved,0.09373255
21.240762698170702,15.95672104660078,102.9,22.4,right_foot,open_play,regular_play,0,0,0,1,0,0,0,0,0,0,3857257,FIFA World Cup,2022,28,36,Off T,0.035615563
17.736619076080988,23.040535698356056,102.5,32.1125,head,open_play,from_throw_in,0,0,1,0,0,0,0,0,0,0,3857257,FIFA World Cup,2022,31,33,Saved,0.037495814
27.389736330421293,12.165952719159057,98.3,18.2875,right_foot,open_play,from_throw_in,0,0,0,1,0,0,0,0,0,0,3857257,FIFA World Cup,2022,40,57,Saved,0.010397313
20.46195020641972,19.677328327907777,100.2,29.8375,right_foot,open_play,from_corner,0,0,0,1,1,0,0,0,1,0,3857257,FIFA World Cup,2022,46,10,Blocked,0.049681988
13.151520824604283,25.505409300586315,109.6,26.95,left_foot,open_play,regular_play,0,0,0,1,1,0,0,0,0,0,3857257,FIFA World Cup,2022,47,47,Off T,0.17342122
17.06597949869857,18.634900004697467,107.2,46.2875,left_foot,open_play,from_throw_in,0,0,0,1,0,0,0,0,0,0,3857257,FIFA World Cup,2022,51,59,Blocked,0.046983063
16.11851129136931,23.01592111744027,105.7,27.5625,left_foot,open_play,from_counter,0,0,0,1,0,0,0,0,0,1,3857257,FIFA World Cup,2022,59,56,Goal,0.11353828
18.75710282133145,20.078945058572454,103.1,43.1375,left_foot,open_play,from_throw_in,0,0,0,1,0,1,0,0,0,0,3857257,FIFA World Cup,2022,68,4,Blocked,0.070518844
12.370990512081075,17.731771607281924,113.9,45.7625,head,open_play,from_corner,0,0,1,0,0,1,0,0,1,0,3857257,FIFA World Cup,2022,68,39,Off T,0.020115681
24.193649089172137,14.770003535848303,99.4,47.6875,right_foot,open_play,regular_play,0,0,0,1,1,0,0,0,0,0,3857257,FIFA World Cup,2022,76,24,Blocked,0.019515881
14.804137935050454,27.76674549739274,105.2,34.65,left_foot,open_play,regular_play,0,0,0,1,1,0,0,0,0,0,3857257,FIFA World Cup,2022,76,25,Saved,0.049264465
22.555057636813967,18.39208125804851,97.5,33.425,right_foot,open_play,regular_play,0,0,0,1,0,0,0,0,0,0,3857257,FIFA World Cup,2022,81,19,Blocked,0.048889678
23.24556745381794,17.211348374963816,97.7,41.5625,right_foot,open_play,from_counter,0,0,0,1,0,0,0,0,0,0,3857257,FIFA World Cup,2022,84,55,Blocked,0.035468098
18.741014513627594,13.874990106350747,108.6,49.875,right_foot,open_play,regular_play,0,0,0,1,1,0,0,0,0,0,3857257,FIFA World Cup,2022,87,30,Off T,0.03670106
6.173139902027171,35.40932785815619,117.6,29.3125,right_foot,open_play,from_counter,0,0,0,1,1,0,0,0,0,0,3857257,FIFA World Cup,2022,94,11,Saved,0.08217044
10.70432155720296,13.818215870147649,116.6,45.15,head,open_play,from_corner,0,0,1,0,0,0,0,0,1,0,3857257,FIFA World Cup,2022,94,59,Off T,0.017447446
34.39680444823327,0.2868329500500313,119.2,0.6125,right_foot,corner,from_corner,0,0,0,1,0,0,1,0,1,0,3857258,FIFA World Cup,2022,12,53,Saved,0.00018
29.93096222977137,13.255820994042505,91.6,25.55,right_foot,open_play,regular_play,0,0,0,1,0,0,0,0,0,0,3857258,FIFA World Cup,2022,20,6,Blocked,0.020173745
36.05891879965344,11.479108830755068,84.3,29.925,right_foot,open_play,regular_play,0,0,0,1,0,0,0,0,0,0,3857258,FIFA World Cup,2022,20,51,Saved,0.0075366697
16.75984785133803,21.91307890474477,105.3,43.05,left_foot,open_play,regular_play,0,0,0,1,0,1,0,0,0,0,3857258,FIFA World Cup,2022,34,7,Saved,0.119197816
11.631537140464284,21.02298057126218,113.6,25.2875,head,open_play,regular_play,0,0,1,0,0,1,0,0,0,0,3857258,FIFA World Cup,2022,36,12,Off T,0.026318645
13.252570505377436,17.05675402732647,113.2,23.625,right_foot,open_play,regular_play,0,0,0,1,0,0,1,0,0,0,3857258,FIFA World Cup,2022,40,38,Off T,0.09814694
15.47934611829582,24.525180136814992,105.9,41.3875,left_foot,open_play,regular_play,0,0,0,1,0,0,0,0,0,0,3857258,FIFA World Cup,2022,45,35,Saved,0.4224228
23.794970582036875,15.469351361661229,99.1,23.625,right_foot,free_kick,from_free_kick,0,1,0,1,0,0,0,0,1,0,3857258,FIFA World Cup,2022,49,57,Blocked,0.06281959
8.617505802144846,39.686753803067134,113.1,29.8375,head,open_play,from_corner,0,0,1,0,0,0,0,0,1,0,3857258,FIFA World Cup,2022,50,21,Blocked,0.06673048
10.261403717328347,18.496871545874146,115.8,25.6375,right_foot,open_play,from_corner,0,0,0,1,0,0,0,0,1,0,3857258,FIFA World Cup,2022,50,23,Blocked,0.0399856
27.114398850057505,13.7342620724378,95.9,47.425,right_foot,open_play,regular_play,0,0,0,1,1,0,0,0,0,0,3857258,FIFA World Cup,2022,53,16,Wayward,0.016877638
12.537001485602529,32.472078154664494,107.5,34.0375,left_foot,open_play,from_throw_in,0,0,0,1,1,0,0,0,0,0,3857258,FIFA World Cup,2022,54,39,Off T,0.11246919
32.7566787083184,12.465533902199931,88.0,28.0,left_foot,open_play,from_free_kick,0,0,0,1,0,0,0,0,1,0,3857258,FIFA World Cup,2022,59,25,Post,0.021819543
22.982496736647217,12.040030336566073,105.0,17.5875,right_foot,open_play,from_free_kick,0,0,0,1,0,0,0,0,1,0,3857258,FIFA World Cup,2022,59,36,Off T,0.009459062
15.211472849464643,18.561542831736176,110.0,23.5375,right_foot,open_play,regular_play,0,0,0,1,1,0,0,0,0,0,3857258,FIFA World Cup,2022,61,57,Saved,0.07986015
5.721068519079282,64.3471685855691,114.5,36.575,right_foot,open_play,regular_play,0,0,0,1,1,0,0,0,0,1,3857258,FIFA World Cup,2022,61,58,Goal,0.568145
15.013847774637924,20.622470312301548,109.1,24.675,left_foot,open_play,regular_play,0,0,0,1,0,0,0,0,0,0,3857258,FIFA World Cup,2022,66,46,Off T,0.14253756
8.30437572909608,47.20810880012317,111.8,33.6875,head,open_play,from_corner,0,0,1,0,0,1,0,0,1,0,3857258,FIFA World Cup,2022,68,34,Off T,0.098937765
26.197784376736905,14.864659728918236,95.6,44.5375,right_foot,open_play,from_corner,0,0,0,1,1,0,0,0,1,0,3857258,FIFA World Cup,2022,69,54,Off T,0.018288644
12.904747188534929,31.659010363565873,107.1,34.65,right_foot,open_play,from_throw_in,0,0,0,1,0,0,0,0,0,1,3857258,FIFA World Cup,2022,72,54,Goal,0.07569885
34.56848275524976,11.79248016067418,86.3,27.3,right_foot,open_play,regular_play,0,0,0,1,1,1,0,0,0,0,3857258,FIFA World Cup,2022,76,48,Blocked,0.010592449
22.299103120977765,18.330784565066338,98.1,30.8,right_foot,open_play,regular_play,0,0,0,1,1,0,0,0,0,0,3857258,FIFA World Cup,2022,80,52,Post,0.06218912
23.93590725771639,15.50114365690341,98.8,23.8875,right_foot,open_play,regular_play,0,0,0,1,1,0,0,0,0,0,3857258,FIFA World Cup,2022,81,32,Saved,0.03669105
24.59143969453599,16.80629811450859,95.6,38.0625,left_foot,open_play,regular_play,0,0,0,1,0,0,0,0,0,0,3857258,FIFA World Cup,2022,82,32,Saved,0.088970646
26.881452713720666,12.059913158271952,99.3,52.15,right_foot,open_play,from_goal_kick,0,0,0,1,0,0,0,0,0,0,3857258,FIFA World Cup,2022,84,22,Blocked,0.011090157
20.24600269188958,18.85678745361735,101.5,26.775,right_foot,open_play,regular_play,0,0,0,1,0,0,0,0,0,0,3857258,FIFA World Cup,2022,86,7,Off T,0.051727816
26.526734745347,12.3228464035085,99.4,51.7125,left_foot,open_play,regular_play,0,0,0,1,0,0,0,0,0,0,3857258,FIFA World Cup,2022,87,49,Off T,0.009657804
30.79732384883466,11.590576581011126,93.8,18.8125,right_foot,open_play,from_free_kick,0,0,0,1,0,1,0,0,1,0,3857258,FIFA World Cup,2022,97,3,Blocked,0.008691933
29.11893713719647,14.319101075512823,90.9,36.05,right_foot,open_play,from_free_kick,0,0,0,1,1,1,0,0,1,0,3857288,FIFA World Cup,2022,5,35,Blocked,0.015131147
28.08531922998206,14.806440165971953,92.0,37.1875,right_foot,open_play,from_throw_in,0,0,0,1,0,0,0,0,0,0,3857288,FIFA World Cup,2022,20,20,Off T,0.029703999
11.877558934814852,29.57801360213492,110.1,28.4375,head,open_play,from_throw_in,0,0,1,0,0,0,0,0,0,1,3857288,FIFA World Cup,2022,22,50,Goal,0.04459479
10.552969072730193,34.79423610263941,110.7,30.0125,head,open_play,from_free_kick,0,0,1,0,0,0,0,0,1,0,3857288,FIFA World Cup,2022,26,6,Blocked,0.03948435
9.16354871215295,30.591606630118466,114.3,42.175,right_foot,open_play,from_corner,0,0,0,1,1,0,0,0,1,0,3857288,FIFA World Cup,2022,33,45,Off T,0.07543106
21.530037157422655,15.626059633345056,102.8,47.95,right_foot,open_play,from_counter,0,0,0,1,0,0,0,0,0,0,3857288,FIFA World Cup,2022,37,17,Blocked,0.031703874
13.063785821881801,26.688074153932483,109.2,42.35,right_foot,open_play,from_throw_in,0,0,0,1,1,0,0,0,0,0,3857288,FIFA World Cup,2022,40,6,Blocked,0.21984866
15.109123899154438,27.219723445758618,104.9,35.525,head,open_play,from_free_kick,0,0,1,0,0,1,0,0,1,0,3857288,FIFA World Cup,2022,43,4,Saved,0.040856346
18.83975600293167,16.250298923723125,106.4,48.0375,left_foot,open_play,regular_play,0,0,0,1,1,0,0,0,0,0,3857288,FIFA World Cup,2022,43,38,Blocked,0.035070673
34.49341422648677,11.535292186652955,87.2,45.675,right_foot,open_play,from_corner,0,0,0,1,1,0,0,0,1,0,3857288,FIFA World Cup,2022,45,44,Wayward,0.0052714557
10.205888312635995,35.97342045859122,111.0,39.8125,right_foot,open_play,from_throw_in,0,0,0,1,1,0,0,0,0,0,3857288,FIFA World Cup,2022,47,16,Off T,0.23484555
12.701205651433256,32.147451730848644,107.3,34.825,head,open_play,from_throw_in,0,0,1,0,0,0,0,0,0,0,3857288,FIFA World Cup,2022,56,17,Wayward,0.06400663
30.86952633666412,12.646787805137167,91.2,46.1125,right_foot,open_play,from_throw_in,0,0,0,1,0,0,0,0,0,0,3857288,FIFA World Cup,2022,60,25,Off T,0.020219443
19.563246790857598,19.835535786332834,101.8,27.825,right_foot,open_play,regular_play,0,0,0,1,1,0,0,0,0,0,3857288,FIFA World Cup,2022,65,18,Blocked,0.058604978
17.716535355424327,16.166669863922742,108.1,21.875,left_foot,open_play,regular_play,0,0,0,1,1,0,0,0,0,0,3857288,FIFA World Cup,2022,71,22,Saved,0.026706748
24.47581714672669,16.95979428699911,95.6,36.925,right_foot,open_play,regular_play,0,0,0,1,0,0,0,0,0,0,3857288,FIFA World Cup,2022,71,50,Saved,0.048467197
24.662322604531802,16.713173099531424,95.6,38.5875,right_foot,open_play,from_throw_in,0,0,0,1,1,0,0,0,0,0,3857288,FIFA World Cup,2022,73,15,Off T,0.039191317
10.053481983870071,39.574912688964744,110.1,33.25,head,open_play,from_throw_in,0,0,1,0,0,1,0,0,0,0,3857288,FIFA World Cup,2022,74,6,Off T,0.10262261
30.725785689710204,13.447129621999862,89.6,30.5375,right_foot,open_play,from_throw_in,0,0,0,1,1,0,0,0,0,0,3857288,FIFA World Cup,2022,83,13,Saved,0.012159805
25.09503187884008,14.387472636313124,98.4,47.775,right_foot,open_play,from_counter,0,0,0,1,0,0,0,0,0,0,3857288,FIFA World Cup,2022,85,32,Blocked,0.012915949
12.081623442236564,29.388395877542848,109.8,41.475,left_foot,open_play,regular_play,0,0,0,1,0,0,0,0,0,0,3857288,FIFA World Cup,2022,86,36,Blocked,0.1403044
13.025383871502594,25.31973491006558,109.9,43.225,left_foot,open_play,regular_play,0,0,0,1,1,0,0,0,0,0,3857288,FIFA World Cup,2022,87,48,Saved,0.09264534
18.114018224844532,15.098892211926106,108.4,21.0875,right_foot,open_play,regular_play,0,0,0,1,0,0,0,0,0,0,3857288,FIFA World Cup,2022,91,46,Blocked,0.021421792
14.017316299848549,27.64301545645038,106.9,39.9875,right_foot,open_play,from_goal_kick,0,0,0,1,0,0,0,0,0,0,3857267,FIFA World Cup,2022,2,43,Off T,0.21271749
14.93017602876805,20.497532834398605,109.3,45.4125,right_foot,open_play,from_free_kick,0,0,0,1,1,0,0,0,1,0,3857267,FIFA World Cup,2022,7,47,Off T,0.16839646
33.10936659391115,12.612588017015828,86.9,35.7875,right_foot,free_kick,from_free_kick,0,1,0,1,0,0,0,0,1,0,3857267,FIFA World Cup,2022,9,51,Blocked,0.021615954
24.183882158371507,17.155538711993337,95.9,32.9875,right_foot,open_play,from_free_kick,0,0,0,1,1,0,0,0,1,0,3857267,FIFA World Cup,2022,9,58,Blocked,0.02803523
20.80073616485724,19.958040816762217,99.2,35.175,right_foot,open_play,from_corner,0,0,0,1,0,0,0,0,1,0,3857267,FIFA World Cup,2022,10,52,Blocked,0.042373266
23.227088845785214,15.772178971582317,99.7,46.2875,left_foot,open_play,from_corner,0,0,0,1,0,0,0,0,1,0,3857267,FIFA World Cup,2022,11,53,Off T,0.02889044
20.341648316938336,16.208551736507683,104.1,22.3125,right_foot,open_play,regular_play,0,0,0,1,0,0,0,0,0,0,3857267,FIFA World Cup,2022,23,37,Blocked,0.023828069
27.1934074041853,15.226955053954597,93.0,31.7625,left_foot,open_play,from_corner,0,0,0,1,0,0,0,0,1,0,3857267,FIFA World Cup,2022,24,20,Blocked,0.025696881
12.213677015952234,33.1175382231389,107.9,36.6625,head,open_play,from_corner,0,0,1,0,0,0,0,0,1,0,3857267,FIFA World Cup,2022,24,27,Wayward,0.035411544
13.15180595963916,28.629112508511877,108.1,29.4,head,open_play,from_free_kick,0,0,1,0,0,0,0,0,1,0,3857267,FIFA World Cup,2022,36,31,Off T,0.03057826
12.0,33.92341177306582,108.0,35.0,right_foot,penalty,other,1,0,0,1,0,0,0,0,1,1,3857267,FIFA World Cup,2022,43,41,Goal,0.7835
13.9878127757702,27.024004843987107,107.3,40.8625,left_foot,open_play,regular_play,0,0,0,1,0,0,0,0,0,0,3857267,FIFA World Cup,2022,46,31,Blocked,0.04522632
28.003618627777378,13.972018992738247,93.8,44.8875,right_foot,open_play,from_throw_in,0,0,0,1,0,0,0,0,0,0,3857267,FIFA World Cup,2022,48,26,Saved,0.025271386
13.34138298678214,30.60352396128141,106.7,33.95,head,open_play,regular_play,0,0,1,0,0,0,0,0,0,0,3857267,FIFA World Cup,2022,56,59,Off T,0.042533338
6.728402949437553,55.34741275139118,113.7,37.3625,head,open_play,from_corner,0,0,1,0,0,0,0,0,1,0,3857267,FIFA World Cup,2022,66,57,Wayward,0.15397952
4.760514678057405,65.67074603505566,117.2,31.15,right_foot,open_play,from_corner,0,0,0,1,1,0,0,1,1,1,3857267,FIFA World Cup,2022,66,58,Goal,0.5894187
7.749354811853696,41.805402418951886,114.3,40.25,right_foot,open_play,from_free_kick,0,0,0,1,1,0,0,0,1,1,3857267,FIFA World Cup,2022,69,30,Goal,0.23427999
13.22885104610374,30.491118707144768,107.0,37.45,left_foot,open_play,from_throw_in,0,0,0,1,0,0,0,0,0,0,3857267,FIFA World Cup,2022,75,48,Saved,0.058988493
22.6470886649918,15.32535626623974,101.3,47.775,right_foot,open_play,from_throw_in,0,0,0,1,1,0,0,0,0,0,3857267,FIFA World Cup,2022,81,53,Off T,0.04455093
21.690147532923795,15.571229161012544,102.6,47.95,right_foot,open_play,from_free_kick,0,0,0,1,0,0,0,0,1,0,3857267,FIFA World Cup,2022,87,46,Saved,0.03201506
16.244157603581666,23.248177851897164,105.3,28.0875,head,open_play,from_throw_in,0,0,1,0,0,0,0,0,0,0,3857267,FIFA World Cup,2022,88,59,Saved,0.02928531
14.956107657074412,26.142218424552567,105.9,30.0125,head,open_play,from_throw_in,0,0,1,0,0,0,0,0,0,0,3857267,FIFA World Cup,2022,93,53,Off T,0.052534856
14.482769935340409,21.377055784475413,109.5,25.025,head,open_play,from_throw_in,0,0,1,0,0,0,0,0,0,0,3857287,FIFA World Cup,2022,12,38,Saved,0.052239094
16.595500143111078,24.217786250632166,103.9,30.975,left_foot,open_play,from_goal_kick,0,0,0,1,0,1,0,0,0,0,3857287,FIFA World Cup,2022,18,45,Off T,0.05187739
11.348630148612644,35.14997799398571,108.9,37.3625,right_foot,open_play,from_throw_in,0,0,0,1,1,0,0,0,0,0,3857287,FIFA World Cup,2022,33,36,Off T,0.323128
33.98896879871467,10.992359806600362,89.7,50.4,right_foot,open_play,from_throw_in,0,0,0,1,0,0,0,0,0,0,3857287,FIFA World Cup,2022,38,40,Off T,0.007071261
10.006123125366788,40.16532894072771,110.0,35.35,head,open_play,from_corner,0,0,1,0,0,1,0,0,1,0,3857287,FIFA World Cup,2022,42,50,Post,0.054689027
16.88550136211537,23.964871374309432,103.5,31.4125,head,open_play,from_free_kick,0,0,1,0,0,0,0,0,1,0,3857287,FIFA World Cup,2022,45,10,Off T,0.046385217
10.036877315679414,35.46460461168449,111.5,40.3375,other,open_play,from_corner,0,0,0,0,0,0,0,0,1,0,3857287,FIFA World Cup,2022,52,7,Wayward,0.046898182
18.75906864026037,22.017207372108537,101.3,33.5125,right_foot,open_play,from_free_kick,0,0,0,1,0,0,0,0,1,0,3857287,FIFA World Cup,2022,54,21,Blocked,0.052523207
31.4928662557094,12.44600403932275,90.5,23.975,right_foot,open_play,regular_play,0,0,0,1,1,0,0,0,0,0,3857287,FIFA World Cup,2022,68,9,Wayward,0.014167523
14.920670435674134,25.117317813159698,106.6,41.5625,right_foot,open_play,from_throw_in,0,0,0,1,0,0,0,0,0,0,3857287,FIFA World Cup,2022,68,37,Blocked,0.03804607
28.366011792284088,13.273934160362982,94.5,47.425,left_foot,open_play,from_goal_kick,0,0,0,1,0,0,0,0,0,0,3857287,FIFA World Cup,2022,74,42,Blocked,0.023162797
26.657503634061456,15.60325907313799,93.4,36.75,left_foot,open_play,from_throw_in,0,0,0,1,0,0,0,0,0,0,3857287,FIFA World Cup,2022,76,51,Off T,0.036145955
21.935505607348105,16.887480640219998,100.6,24.7625,right_foot,open_play,regular_play,0,0,0,1,0,0,0,0,0,0,3857287,FIFA World Cup,2022,80,43,Off T,0.028178101
9.503625952761398,42.11412706497247,110.5,34.7375,head,open_play,regular_play,0,0,1,0,0,0,0,0,0,0,3857287,FIFA World Cup,2022,86,56,Off T,0.06689449
28.675610281212847,12.40195226323349,95.7,19.775,right_foot,open_play,regular_play,0,0,0,1,0,0,0,0,0,0,3857287,FIFA World Cup,2022,88,58,Post,0.012294213
26.368364094118547,15.70871757986954,93.8,32.025,left_foot,open_play,from_goal_kick,0,0,0,1,0,0,0,0,0,0,3857287,FIFA World Cup,2022,89,54,Off T,0.0335565
27.66661175948366,13.728976958266195,94.9,23.3625,left_foot,open_play,from_throw_in,0,0,0,1,0,0,0,0,0,0,3857287,FIFA World Cup,2022,93,6,Off T,0.023029828
13.702029959097304,28.995023099514363,106.8,38.675,head,open_play,from_free_kick,0,0,1,0,0,0,0,0,1,0,3869486,FIFA World Cup,2022,3,59,Saved,0.0989785
7.318854076971337,53.0663192850944,112.7,34.475,head,open_play,from_corner,0,0,1,0,0,0,0,0,1,0,3869486,FIFA World Cup,2022,5,56,Off T,0.117904566
20.329350702863096,14.766957456242501,105.6,20.65,left_foot,open_play,from_free_kick,0,0,0,1,1,0,0,0,1,0,3869486,FIFA World Cup,2022,12,26,Blocked,0.019215545
30.093897325703768,11.093574403987946,96.1,53.2875,left_foot,open_play,regular_play,0,0,0,1,0,0,0,0,0,0,3869486,FIFA World Cup,2022,17,49,Off T,0.008206696
13.301151265961902,30.767809627641483,106.7,34.825,head,open_play,from_free_kick,0,0,1,0,0,0,0,0,1,0,3869486,FIFA World Cup,2022,25,21,Off T,0.043849364
21.923535441392655,16.658539775162875,100.9,24.2375,right_foot,open_play,regular_play,0,0,0,1,0,0,0,0,0,0,3869486,FIFA World Cup,2022,30,9,Blocked,0.027014187
13.624982798154276,25.65144404237687,108.7,27.3875,left_foot,open_play,regular_play,0,0,0,1,1,0,0,0,0,0,3869486,FIFA World Cup,2022,34,2,Off T,0.06053267
25.356569661529534,14.971966595548407,97.0,24.325,right_foot,open_play,regular_play,0,0,0,1,0,0,0,0,0,0,3869486,FIFA World Cup,2022,34,56,Saved,0.03503226
18.249400675090673,22.1771444987106,102.2,30.975,right_foot,open_play,from_free_kick,0,0,0,1,1,0,0,0,1,0,3869486,FIFA World Cup,2022,38,46,Off T,0.060545366
7.4046543639794615,52.58749042039804,112.6,34.7375,head,open_play,from_free_kick,0,0,1,0,0,1,0,0,1,1,3869486,FIFA World Cup,2022,41,36,Goal,0.20030825
22.907152949461008,9.747318782641603,108.0,54.5125,right_foot,open_play,from_throw_in,0,0,0,1,1,0,0,0,0,0,3869486,FIFA World Cup,2022,44,23,Post,0.0067060287
17.247033259375367,17.720396656557345,107.6,23.0125,left_foot,open_play,from_counter,0,0,0,1,1,0,0,0,0,0,3869486,FIFA World Cup,2022,46,58,Off T,0.082217455
26.852665137747493,15.38398459751311,93.4,38.675,right_foot,open_play,regular_play,0,0,0,1,1,0,0,0,0,0,3869486,FIFA World Cup,2022,55,0,Off T,0.032880384
11.299999999999997,35.89363535326083,108.7,35.0,head,open_play,from_goal_kick,0,0,1,0,0,0,0,0,0,0,3869486,FIFA World Cup,2022,57,28,Off T,0.10594022
13.860578090397237,22.87325409054084,109.7,25.725,head,open_play,regular_play,0,0,1,0,0,1,0,0,0,0,3869486,FIFA World Cup,2022,60,14,Blocked,0.026895314
19.403708569497738,20.958149680423897,101.0,31.0625,right_foot,open_play,from_throw_in,0,0,0,1,0,1,0,0,0,0,3869486,FIFA World Cup,2022,63,4,Off T,0.057325892
10.812500000000002,35.80252954960757,109.8,31.4125,right_foot,open_play,from_free_kick,0,0,0,1,1,0,0,0,1,0,3869486,FIFA World Cup,2022,70,44,Wayward,0.10927713
23.406759840909206,13.848408768224475,102.0,49.9625,left_foot,open_play,regular_play,0,0,0,1,1,0,0,0,0,0,3869486,FIFA World Cup,2022,81,59,Saved,0.025960794
21.79312176467612,16.10068859715906,101.8,46.9875,right_foot,open_play,from_free_kick,0,0,0,1,1,1,0,0,1,0,3869486,FIFA World Cup,2022,90,24,Saved,0.05699573
19.59238133178303,20.477812837968482,101.1,40.1625,right_foot,open_play,regular_play,0,0,0,1,0,0,1,0,0,0,3869486,FIFA World Cup,2022,95,20,Saved,0.39109123
7.093229606462776,49.47525519782715,114.1,38.9375,head,open_play,from_throw_in,0,0,1,0,0,1,0,0,0,0,3869486,FIFA World Cup,2022,96,40,Off T,0.14926605
30.035710516816476,13.120656245000706,91.7,45.0625,left_foot,open_play,from_throw_in,0,0,0,1,1,0,0,0,0,0,3857260,FIFA World Cup,2022,1,9,Off T,0.021919996
27.14079321335321,15.338280892723358,92.9,36.4875,left_foot,open_play,from_throw_in,0,0,0,1,0,0,0,0,0,0,3857260,FIFA World Cup,2022,2,8,Saved,0.02182735
18.425156885356504,22.44250107443439,101.6,34.0375,right_foot,open_play,from_keeper,0,0,0,1,1,0,0,0,0,0,3857260,FIFA World Cup,2022,2,37,Saved,0.3665275
14.184988764535555,15.259896047915923,113.0,47.3375,right_foot,open_play,from_goal_kick,0,0,0,1,0,0,1,0,0,0,3857260,FIFA World Cup,2022,7,41,Off T,0.047937077
24.372887728991003,16.635072340453313,96.3,29.3125,right_foot,free_kick,from_free_kick,0,1,0,1,0,0,0,0,1,0,3857260,FIFA World Cup,2022,12,58,Off T,0.073429175
27.302243497558948,15.26932593631072,92.7,35.35,left_foot,open_play,regular_play,0,0,0,1,1,0,0,0,0,0,3857260,FIFA World Cup,2022,22,21,Saved,0.01981399
16.498503720034734,24.34872286713815,104.0,39.025,right_foot,open_play,from_free_kick,0,0,0,1,1,0,0,0,1,0,3857260,FIFA World Cup,2022,24,27,Saved,0.0489465
6.387500000000002,48.28685884511036,115.8,30.1875,head,open_play,regular_play,0,0,1,0,0,0,0,0,0,0,3857260,FIFA World Cup,2022,26,25,Wayward,0.30787364
31.913831738761804,12.48388043946323,89.6,25.2875,left_foot,open_play,from_free_kick,0,0,0,1,0,0,0,0,1,0,3857260,FIFA World Cup,2022,34,17,Blocked,0.016814427
13.512129967181343,29.73174164782776,106.8,37.8875,right_foot,open_play,from_corner,0,0,0,1,1,0,0,0,1,0,3857260,FIFA World Cup,2022,35,8,Off T,0.06430086
36.30375324949199,11.23451574932623,84.6,43.05,left_foot,free_kick,from_free_kick,0,1,0,1,0,0,0,0,1,0,3857260,FIFA World Cup,2022,40,28,Blocked,0.0066389865
18.566165463013625,21.687603156097463,102.0,39.55,left_foot,open_play,from_free_kick,0,0,0,1,0,0,0,0,1,0,3857260,FIFA World Cup,2022,40,39,Blocked,0.062194254
16.759069373029046,20.827208812294337,106.1,25.6375,right_foot,open_play,from_free_kick,0,0,0,1,0,0,0,0,1,0,3857260,FIFA World Cup,2022,44,7,Blocked,0.04950449
28.477578899899473,13.967108398576364,92.9,26.25,left_foot,open_play,from_free_kick,0,0,0,1,0,0,0,0,1,0,3857260,FIFA World Cup,2022,44,16,Blocked,0.015146091
11.046266337545918,33.70895480485696,110.1,39.9,head,open_play,regular_play,0,0,1,0,0,0,0,0,0,0,3857260,FIFA World Cup,2022,50,12,Off T,0.10154356
34.515974562512355,12.10036839748713,85.5,36.05,left_foot,open_play,regular_play,0,0,0,1,0,0,0,0,0,0,3857260,FIFA World Cup,2022,46,12,Saved,0.018109906
25.11035642917081,11.596124680327595,102.7,16.8,right_foot,open_play,regular_play,0,0,0,1,0,0,0,0,0,0,3857260,FIFA World Cup,2022,46,17,Blocked,0.0068189544
3.304636893820557,95.84999652407353,116.7,35.175,left_foot,open_play,from_corner,0,0,0,1,1,0,0,0,1,1,3857260,FIFA World Cup,2022,46,52,Goal,0.28809994
7.211720061816043,38.52688113699145,115.8,40.8625,right_foot,open_play,from_free_kick,0,0,0,1,1,0,0,0,1,0,3857260,FIFA World Cup,2022,49,14,Off T,0.21450256
33.31942235768801,12.53006544046307,86.7,36.1375,left_foot,free_kick,from_free_kick,0,1,0,1,0,0,0,0,1,1,3857260,FIFA World Cup,2022,51,56,Goal,0.024289701
12.031728886573203,16.15912271422527,114.8,45.85,head,open_play,from_throw_in,0,0,1,0,0,0,1,0,0,0,3857260,FIFA World Cup,2022,54,5,Off T,0.030311959
8.0,49.16818939087589,112.0,35.0,head,open_play,from_corner,0,0,1,0,0,1,0,0,1,0,3857260,FIFA World Cup,2022,58,56,Wayward,0.09122391
11.778111319307527,32.48213178932228,109.1,39.4625,head,open_play,from_free_kick,0,0,1,0,0,0,0,0,1,0,3857260,FIFA World Cup,2022,61,53,Off T,0.037819926
23.752897849525645,16.647565999316704,97.5,27.3875,right_foot,open_play,from_counter,0,0,0,1,0,0,0,0,0,0,3857260,FIFA World Cup,2022,66,1,Saved,0.05300886
22.564587853537226,15.35654593642246,101.4,22.225,left_foot,open_play,from_keeper,0,0,0,1,1,0,0,0,0,0,3857260,FIFA World Cup,2022,66,25,Blocked,0.013105479
12.056280780157703,31.852153036711602,108.8,30.5375,left_foot,open_play,from_free_kick,0,0,0,1,1,0,0,0,1,0,3857260,FIFA World Cup,2022,69,31,Off T,0.22500646
32.7029265701099,12.770445345078294,87.3,35.4375,left_foot,free_kick,from_free_kick,0,1,0,1,0,0,0,0,1,0,3857260,FIFA World Cup,2022,72,3,Saved,0.027150616
20.465706834849364,19.394803983134,100.5,28.7875,right_foot,open_play,from_free_kick,0,0,0,1,0,0,0,0,1,0,3857260,FIFA World Cup,2022,75,39,Off T,0.08600338
11.190628054314015,34.75332294001087,109.4,31.4125,right_foot,open_play,from_counter,0,0,0,1,1,0,0,0,0,0,3857260,FIFA World Cup,2022,77,12,Blocked,0.26870292
34.2876435469106,12.155596478261495,85.8,37.45,right_foot,open_play,regular_play,0,0,0,1,0,0,0,0,0,0,3857260,FIFA World Cup,2022,77,46,Saved,0.013687578
30.801118587642232,13.552530089616742,89.2,35.2625,right_foot,open_play,from_throw_in,0,0,0,1,0,0,0,0,0,0,3857260,FIFA World Cup,2022,80,0,Off T,0.019886926
19.711988737821457,20.340499177064892,101.0,40.25,left_foot,open_play,from_free_kick,0,0,0,1,1,0,0,0,1,0,3857260,FIFA World Cup,2022,82,14,Blocked,0.057560198
21.321717215083783,19.377572671089307,98.8,32.725,right_foot,open_play,from_counter,0,0,0,1,1,0,0,0,0,0,3857260,FIFA World Cup,2022,88,12,Blocked,0.06664524
28.033740831362476,14.402017110831526,92.9,27.825,right_foot,free_kick,from_free_kick,0,1,0,1,0,0,0,0,1,0,3857260,FIFA World Cup,2022,91,25,Saved,0.05359905
20.79462445561352,17.546658628925382,101.9,24.7625,right_foot,open_play,from_free_kick,0,0,0,1,0,0,0,0,1,0,3857260,FIFA World Cup,2022,93,10,Off T,0.06253588
10.174109297624037,36.470820033937166,110.9,39.55,right_foot,open_play,regular_play,0,0,0,1,0,0,1,0,0,1,3857260,FIFA World Cup,2022,94,40,Goal,0.51574713
19.333491827654928,21.405700884643828,100.7,36.1375,left_foot,open_play,from_throw_in,0,0,0,1,1,0,0,0,0,0,3857264,FIFA World Cup,2022,4,2,Blocked,0.061495427
21.09621189337081,19.601734739869855,99.0,32.9875,right_foot,open_play,regular_play,0,0,0,1,0,0,0,0,0,0,3857264,FIFA World Cup,2022,6,30,Saved,0.050872557
25.703723587254828,16.205721024873302,94.3,35.4375,left_foot,open_play,regular_play,0,0,0,1,0,0,0,0,0,0,3857264,FIFA World Cup,2022,8,53,Blocked,0.034158513
14.942242970852803,16.145019715478888,111.7,22.575,left_foot,open_play,regular_play,0,0,0,1,0,0,0,0,0,0,3857264,FIFA World Cup,2022,9,53,Saved,0.053250678
16.76589264697827,19.568933272996716,107.0,24.4125,right_foot,open_play,from_throw_in,0,0,0,1,0,0,0,0,0,0,3857264,FIFA World Cup,2022,16,9,Off T,0.05141401
14.428752761413573,27.91705574426399,105.9,38.0625,right_foot,open_play,from_corner,0,0,0,1,1,0,0,0,1,0,3857264,FIFA World Cup,2022,21,36,Wayward,0.06557972
11.403241041475884,30.001047217428574,110.8,41.7375,right_foot,open_play,regular_play,0,0,0,1,1,0,0,0,0,0,3857264,FIFA World Cup,2022,27,54,Blocked,0.1493578
22.953924637194394,13.699720744757366,102.9,19.6875,left_foot,open_play,regular_play,0,0,0,1,0,0,0,0,0,0,3857264,FIFA World Cup,2022,27,59,Off T,0.024708062
34.302332282222444,0.1442175401415005,119.6,69.3,left_foot,corner,from_corner,0,0,0,1,0,0,1,0,1,0,3857264,FIFA World Cup,2022,32,17,Saved,0.00018
28.40121311229505,14.685613924457456,91.6,34.7375,right_foot,open_play,from_corner,0,0,0,1,0,0,0,0,1,0,3857264,FIFA World Cup,2022,34,23,Off T,0.024548035
14.487322043773304,19.679191971672093,110.4,24.15,left_foot,open_play,regular_play,0,0,0,1,0,0,1,0,0,0,3857264,FIFA World Cup,2022,35,10,Saved,0.19083758
11.900321686828475,34.19033371584598,108.1,35.0875,left_foot,penalty,other,1,0,0,1,0,0,0,0,1,0,3857264,FIFA World Cup,2022,38,24,Saved,0.7835
20.955921000996348,16.835633777689406,102.4,23.625,right_foot,open_play,regular_play,0,0,0,1,0,0,0,0,0,0,3857264,FIFA World Cup,2022,42,9,Saved,0.03720347
7.804415817343407,50.2339495729132,112.2,35.2625,other,open_play,regular_play,0,0,0,0,0,0,0,0,0,0,3857264,FIFA World Cup,2022,42,10,Saved,0.3152717
20.883007446246815,12.970012347200365,106.7,51.1,left_foot,open_play,regular_play,0,0,0,1,0,0,0,0,0,0,3857264,FIFA World Cup,2022,43,16,Saved,0.010134568
15.177908493926294,25.282123199535302,106.0,40.8625,right_foot,open_play,from_kick_off,0,0,0,1,1,0,0,0,0,1,3857264,FIFA World Cup,2022,45,53,Goal,0.107545994
11.61115438920696,34.02689216793159,108.8,38.0625,head,open_play,from_free_kick,0,0,1,0,0,1,0,0,1,0,3857264,FIFA World Cup,2022,49,0,Off T,0.04381306
23.997503125325355,13.818111078408371,101.1,49.7875,left_foot,open_play,from_free_kick,0,0,0,1,0,0,0,0,1,0,3857264,FIFA World Cup,2022,52,13,Blocked,0.026707038
17.454583925147,19.639884757762605,105.8,24.85,left_foot,open_play,regular_play,0,0,0,1,0,0,0,0,0,0,3857264,FIFA World Cup,2022,52,42,Wayward,0.06119443
14.142715660367347,22.576250384055303,109.4,44.3625,left_foot,open_play,regular_play,0,0,0,1,0,1,0,0,0,0,3857264,FIFA World Cup,2022,55,41,Wayward,0.058334265
12.369828464857543,32.817088663121105,107.7,36.3125,left_foot,open_play,regular_play,0,0,0,1,0,0,0,0,0,0,3857264,FIFA World Cup,2022,55,42,Blocked,0.15200824
14.95200655430568,25.994439745021833,106.0,40.25,left_foot,open_play,from_throw_in,0,0,0,1,1,0,0,0,0,0,3857264,FIFA World Cup,2022,60,38,Saved,0.13009955
17.777905001714906,17.20131360126262,107.2,22.6625,left_foot,open_play,from_counter,0,0,0,1,0,0,0,0,0,0,3857264,FIFA World Cup,2022,63,23,Blocked,0.023947677
15.111176534274225,25.489821038034833,106.0,29.3125,right_foot,open_play,from_free_kick,0,0,0,1,0,0,0,0,1,1,3857264,FIFA World Cup,2022,66,57,Goal,0.10054177
14.164485738988198,27.824202299930963,106.5,30.7125,left_foot,open_play,regular_play,0,0,0,1,1,0,0,0,0,0,3857264,FIFA World Cup,2022,70,36,Saved,0.13232325
17.74149444099905,18.65590555076374,106.1,46.025,right_foot,open_play,from_throw_in,0,0,0,1,0,0,1,0,0,0,3857264,FIFA World Cup,2022,72,44,Off T,0.18145993
15.043790247141835,20.0226769595119,109.4,45.675,right_foot,open_play,from_free_kick,0,0,0,1,0,0,1,0,1,0,3857264,FIFA World Cup,2022,85,2,Off T,0.17955275
14.586659144574536,23.42389143717046,108.2,26.425,left_foot,open_play,from_throw_in,0,0,0,1,1,0,0,0,0,0,3857264,FIFA World Cup,2022,91,58,Saved,0.22421487
12.46036215364546,32.61190303298611,107.6,33.775,left_foot,open_play,from_free_kick,0,0,0,1,1,1,0,0,1,0,3857289,FIFA World Cup,2022,9,14,Off T,0.0988946
7.313098266124964,53.12405973363836,112.7,34.5625,head,open_play,from_corner,0,0,1,0,0,1,0,0,1,0,3857289,FIFA World Cup,2022,39,59,Off T,0.13799548
27.84359217126985,14.851814435782591,92.4,31.325,right_foot,free_kick,from_free_kick,0,1,0,1,0,0,0,0,1,0,3857289,FIFA World Cup,2022,44,17,Saved,0.05948228
31.001703582222707,11.864694738316262,92.8,20.125,right_foot,open_play,from_throw_in,0,0,0,1,0,0,0,0,0,0,3857289,FIFA World Cup,2022,49,14,Off T,0.0077116457
26.64751395533925,15.5587503781017,93.5,32.2,right_foot,open_play,from_free_kick,0,0,0,1,0,0,0,0,1,0,3857289,FIFA World Cup,2022,47,14,Blocked,0.040303126
25.254779869363347,16.458303953532564,94.8,36.6625,left_foot,free_kick,from_free_kick,0,1,0,1,0,0,0,0,1,0,3857289,FIFA World Cup,2022,50,59,Off T,0.067327775
25.20288921929388,16.46182085364365,94.9,32.725,left_foot,open_play,from_goal_kick,0,0,0,1,0,0,0,0,0,1,3857289,FIFA World Cup,2022,63,32,Goal,0.033919714
20.17554212406695,18.983480787655406,101.5,43.05,right_foot,open_play,from_throw_in,0,0,0,1,1,0,0,0,0,0,3857289,FIFA World Cup,2022,69,39,Off T,0.050896797
20.217628446482045,14.033621208301533,106.5,19.95,right_foot,open_play,from_corner,0,0,0,1,0,0,0,0,1,1,3857289,FIFA World Cup,2022,86,39,Goal,0.035064373
19.44865033877673,17.69260396672702,104.1,23.8,left_foot,open_play,regular_play,0,0,0,1,0,0,0,0,0,0,3869254,FIFA World Cup,2022,4,56,Blocked,0.06137733
13.975654054461996,19.293088377559453,111.3,24.0625,left_foot,open_play,from_throw_in,0,0,0,1,0,0,0,0,0,1,3869254,FIFA World Cup,2022,16,43,Goal,0.10102074
18.809572031282364,21.799993289614477,101.4,32.2,right_foot,open_play,from_free_kick,0,0,0,1,1,0,0,0,1,0,3869254,FIFA World Cup,2022,21,3,Saved,0.032515083
20.47121454628425,19.200631009132252,100.7,28.175,right_foot,open_play,regular_play,0,0,0,1,1,0,0,0,0,0,3869254,FIFA World Cup,2022,21,54,Saved,0.072023906
33.23144454052517,12.411960725096192,87.2,40.3375,left_foot,free_kick,from_free_kick,0,1,0,1,0,0,0,0,1,0,3869254,FIFA World Cup,2022,29,38,Saved,0.023890225
5.700000000000003,65.40946715400369,114.3,35.0,head,open_play,from_corner,0,0,1,0,0,1,0,0,1,1,3869254,FIFA World Cup,2022,32,35,Goal,0.12779379
5.3907327887774175,62.43823767847592,115.9,38.5,head,open_play,from_throw_in,0,0,1,0,0,0,0,0,0,0,3869254,FIFA World Cup,2022,37,32,Saved,0.2948616
23.403208246947674,15.39573911395525,99.9,46.9875,right_foot,open_play,from_throw_in,0,0,0,1,0,0,0,0,0,0,3869254,FIFA World Cup,2022,37,36,Off T,0.024413843
13.769554277463014,27.442014847015756,107.5,29.225,left_foot,open_play,regular_play,0,0,0,1,1,0,0,0,0,0,3869254,FIFA World Cup,2022,42,11,Saved,0.31703457
27.354444337255327,13.44494308921062,96.0,21.875,left_foot,open_play,from_corner,0,0,0,1,0,0,0,0,1,0,3869254,FIFA World Cup,2022,47,18,Off T,0.021823613
7.052847385985319,48.437026261734,114.4,30.7125,head,open_play,from_corner,0,0,1,0,0,1,0,0,1,0,3869254,FIFA World Cup,2022,48,11,Wayward,0.09938955
5.6975872086349,58.193522306376664,115.8,38.85,left_foot,open_play,regular_play,0,0,0,1,1,0,0,0,0,1,3869254,FIFA World Cup,2022,50,5,Goal,0.5086819
20.343549346168675,16.78330278259778,103.5,23.1,left_foot,open_play,from_counter,0,0,0,1,0,1,0,0,0,0,3869254,FIFA World Cup,2022,52,32,Blocked,0.043932665
9.973088789337035,38.04179715610346,110.8,31.15,head,open_play,from_corner,0,0,1,0,0,1,0,0,1,0,3869254,FIFA World Cup,2022,53,20,Wayward,0.05800441
11.270869531673227,30.378099885689924,110.9,28.35,left_foot,open_play,from_free_kick,0,0,0,1,0,1,0,0,1,1,3869254,FIFA World Cup,2022,54,55,Goal,0.35848966
4.229731078922155,64.71559084094882,118.7,30.975,right_foot,open_play,from_corner,0,0,0,1,1,0,0,1,1,1,3869254,FIFA World Cup,2022,57,5,Goal,0.6688656
27.78889447693089,10.011300025204187,101.7,55.9125,left_foot,open_play,from_throw_in,0,0,0,1,0,0,0,0,0,0,3869254,FIFA World Cup,2022,65,21,Wayward,0.007870479
8.973049927421563,38.904635905181884,112.6,40.075,right_foot,open_play,from_goal_kick,0,0,0,1,0,1,1,0,0,1,3869254,FIFA World Cup,2022,66,12,Goal,0.46699882
22.71943001045581,18.137796300932912,97.5,31.85,right_foot,open_play,from_throw_in,0,0,0,1,0,0,0,0,0,0,3869254,FIFA World Cup,2022,70,10,Blocked,0.04188712
31.39415003229104,13.179063594254202,88.9,39.2875,right_foot,free_kick,from_free_kick,0,1,0,1,0,0,0,0,1,0,3869254,FIFA World Cup,2022,75,51,Blocked,0.028790973
17.913681921927726,23.078913068433142,102.1,34.3,right_foot,open_play,regular_play,0,0,0,1,0,1,0,0,0,0,3869254,FIFA World Cup,2022,79,35,Blocked,0.032889098
8.330675617859573,41.63020858905901,113.2,30.1875,head,open_play,from_corner,0,0,1,0,0,1,0,0,1,0,3869254,FIFA World Cup,2022,80,12,Off T,0.0836758
18.794418220578148,14.028842474994397,108.4,20.2125,right_foot,open_play,regular_play,0,0,0,1,0,0,0,0,0,0,3869254,FIFA World Cup,2022,84,57,Blocked,0.032096077
21.940833080127106,13.203541818457516,105.0,18.9875,right_foot,open_play,from_free_kick,0,0,0,1,0,1,0,0,1,1,3869254,FIFA World Cup,2022,91,12,Goal,0.010257767
12.114615398352521,33.36998897343183,108.0,36.6625,head,open_play,from_corner,0,0,1,0,0,0,0,0,1,0,3869254,FIFA World Cup,2022,93,45,Blocked,0.03750256
8.035896029690779,42.91236432428147,113.5,39.725,other,open_play,from_corner,0,0,0,0,0,0,0,0,1,0,3869118,FIFA World Cup,2022,20,25,Off T,0.08366814
11.642225141698649,34.340244999363755,108.6,37.3625,right_foot,open_play,regular_play,0,0,0,1,1,0,0,0,0,0,3869118,FIFA World Cup,2022,21,59,Blocked,0.05336251
4.322199237656679,80.46719130531676,115.7,35.4375,right_foot,open_play,regular_play,0,0,0,1,1,0,0,0,0,0,3869118,FIFA World Cup,2022,22,0,Off T,0.629174
12.09018842905271,21.649912271260245,112.8,25.2875,left_foot,open_play,from_free_kick,0,0,0,1,1,0,0,0,1,0,3869118,FIFA World Cup,2022,31,1,Saved,0.0358749
12.522879061940994,32.32775585568735,107.6,33.25,left_foot,open_play,from_goal_kick,0,0,0,1,1,0,0,0,0,1,3869118,FIFA World Cup,2022,38,0,Goal,0.13174866
10.018740252646538,40.08319620707849,110.0,34.3875,right_foot,open_play,from_goal_kick,0,0,0,1,1,0,0,0,0,0,3869118,FIFA World Cup,2022,40,39,Off T,0.18422936
18.279671940437005,19.712441459756135,104.3,44.3625,right_foot,open_play,regular_play,0,0,0,1,0,1,0,0,0,1,3869118,FIFA World Cup,2022,47,17,Goal,0.20664306
27.522354550437726,14.98039826275024,92.8,30.8,left_foot,open_play,regular_play,0,0,0,1,1,0,0,0,0,0,3869118,FIFA World Cup,2022,49,10,Off T,0.018660808
16.99310521947063,18.105865375287006,107.7,46.725,right_foot,open_play,regular_play,0,0,0,1,0,0,0,0,0,0,3869118,FIFA World Cup,2022,53,40,Off T,0.03518777
31.585719182092404,12.374229936112876,90.5,23.7125,right_foot,open_play,from_goal_kick,0,0,0,1,0,0,0,0,0,0,3869118,FIFA World Cup,2022,55,45,Saved,0.015214441
9.688661220726008,39.30526030888679,111.0,31.4125,left_foot,open_play,regular_play,0,0,0,1,1,1,0,0,0,1,3869118,FIFA World Cup,2022,56,43,Goal,0.21738943
31.177806609830654,13.31711416343402,89.0,31.675,right_foot,open_play,from_free_kick,0,0,0,1,0,0,0,0,1,0,3869118,FIFA World Cup,2022,68,25,Blocked,0.013223637
33.344848271509655,12.110450957631524,87.8,43.6625,right_foot,free_kick,from_free_kick,0,1,0,1,0,0,0,0,1,0,3869118,FIFA World Cup,2022,73,18,Off T,0.021199826
8.422301125583203,46.89994856931382,111.6,34.3875,head,open_play,regular_play,0,0,1,0,0,0,0,0,0,0,3869118,FIFA World Cup,2022,83,38,Off T,0.107544675
25.70238315798751,14.763080582836237,96.7,45.85,left_foot,open_play,from_throw_in,0,0,0,1,0,0,0,0,0,0,3869118,FIFA World Cup,2022,86,12,Blocked,0.027956013
26.941096047674087,15.45028799523895,93.1,33.5125,right_foot,open_play,from_free_kick,0,0,0,1,1,0,0,0,1,0,3869118,FIFA World Cup,2022,88,51,Off T,0.032847784
5.611720435837839,41.666843037669025,117.8,40.1625,right_foot,open_play,from_goal_kick,0,0,0,1,1,1,0,0,0,0,3869118,FIFA World Cup,2022,90,23,Off T,0.1459426
29.007652546354038,12.944147989050592,94.0,47.8625,right_foot,free_kick,from_free_kick,0,1,0,1,0,0,0,0,1,0,3869118,FIFA World Cup,2022,92,22,Blocked,0.03296228
11.867240886153782,16.02424687061722,115.0,24.2375,head,open_play,from_corner,0,0,1,0,0,1,0,0,1,0,3869519,FIFA World Cup,2022,15,52,Off T,0.014029023
27.03641352417144,15.3447483361576,93.1,32.2875,right_foot,open_play,from_throw_in,0,0,0,1,0,0,0,0,0,0,3869519,FIFA World Cup,2022,24,35,Saved,0.027808638
19.690099034794105,14.36940271897668,106.9,20.3,right_foot,open_play,from_throw_in,0,0,0,1,0,0,0,0,0,0,3869519,FIFA World Cup,2022,30,33,Off T,0.034139045
12.0,33.92341177306582,108.0,35.0,left_foot,penalty,other,1,0,0,1,0,0,0,0,1,1,3869519,FIFA World Cup,2022,33,27,Goal,0.7835
7.646281776131452,49.854399129343506,112.7,32.725,right_foot,open_play,from_counter,0,0,0,1,0,0,1,0,0,1,3869519,FIFA World Cup,2022,38,26,Goal,0.36172354
26.360209122842715,14.686547536090844,95.6,44.975,right_foot,open_play,regular_play,0,0,0,1,0,0,0,0,0,0,3869519,FIFA World Cup,2022,40,49,Blocked,0.027667157
9.052071586106686,34.76639445274708,113.5,28.7,head,open_play,from_corner,0,0,1,0,0,0,0,0,1,0,3869519,FIFA World Cup,2022,41,53,Saved,0.0684051
27.654975253107708,14.788809998500456,92.9,40.5125,right_foot,open_play,from_throw_in,0,0,0,1,0,0,0,0,0,0,3869519,FIFA World Cup,2022,44,48,Blocked,0.026162526
5.110344900297829,19.04888934571763,119.4,40.075,right_foot,open_play,from_throw_in,0,0,0,1,1,0,0,0,0,0,3869519,FIFA World Cup,2022,44,53,Off T,0.07864248
35.25109927363968,11.77308733257111,85.0,39.2,right_foot,open_play,regular_play,0,0,0,1,0,0,0,0,0,0,3869519,FIFA World Cup,2022,48,26,Saved,0.014370957
11.328234913259875,24.935153644572637,112.7,26.3375,left_foot,open_play,regular_play,0,0,0,1,0,1,0,0,0,0,3869519,FIFA World Cup,2022,57,5,Saved,0.10581502
26.32608022475051,13.095886145471557,98.4,19.95,right_foot,open_play,from_free_kick,0,0,0,1,0,0,0,0,1,0,3869519,FIFA World Cup,2022,57,35,Blocked,0.021008598
7.300524381850933,53.25034249498415,112.7,35.0875,head,open_play,from_free_kick,0,0,1,0,0,1,0,0,1,0,3869519,FIFA World Cup,2022,61,47,Blocked,0.09374543
8.198513584790847,42.34163923407401,113.3,39.725,right_foot,open_play,from_throw_in,0,0,0,1,1,0,0,0,0,1,3869519,FIFA World Cup,2022,68,46,Goal,0.33366448
37.854129976133386,11.00130143102818,82.3,38.4125,left_foot,free_kick,from_free_kick,0,1,0,1,0,0,0,0,1,0,3869519,FIFA World Cup,2022,72,14,Saved,0.00752127
37.91268133817496,9.971067396914604,85.8,18.6375,left_foot,open_play,from_throw_in,0,0,0,1,0,0,0,0,0,0,3869519,FIFA World Cup,2022,74,54,Off T,0.0058680973
19.870239209682403,12.968587217771487,108.0,19.1625,right_foot,open_play,regular_play,0,0,0,1,0,0,0,0,0,0,3869519,FIFA World Cup,2022,77,39,Off T,0.011610668
14.16964735799731,26.74488883302378,107.1,40.8625,right_foot,open_play,from_free_kick,0,0,0,1,1,0,0,0,1,0,3869519,FIFA World Cup,2022,82,12,Off T,0.14140838
24.335172590306403,16.88419267737439,96.0,30.975,left_foot,open_play,from_throw_in,0,0,0,1,0,0,0,0,0,0,3869519,FIFA World Cup,2022,88,23,Saved,0.044770177
19.61610068922976,17.912631004533786,103.6,45.7625,left_foot,open_play,from_corner,0,0,0,1,0,0,0,0,1,0,3869519,FIFA World Cup,2022,92,51,Off T,0.049129687
30.85237278152201,13.466312335254381,89.3,31.9375,left_foot,open_play,regular_play,0,0,0,1,0,0,0,0,0,0,3869519,FIFA World Cup,2022,94,53,Off T,0.02342664
19.799999999999997,20.945648038235287,100.2,35.0,left_foot,open_play,regular_play,0,0,0,1,0,0,0,0,0,0,3869354,FIFA World Cup,2022,3,17,Blocked,0.022691524
9.827035412574846,40.48638207371997,110.3,33.425,head,open_play,regular_play,0,0,1,0,0,0,0,0,0,0,3869354,FIFA World Cup,2022,10,35,Saved,0.21537142
27.6700001129382,14.981499608565596,92.5,38.0625,right_foot,open_play,regular_play,0,0,0,1,0,0,0,0,0,1,3869354,FIFA World Cup,2022,16,22,Goal,0.027870113
24.847585395768338,14.928892548081501,98.0,46.55,left_foot,free_kick,from_free_kick,0,1,0,1,0,0,0,0,1,0,3869354,FIFA World Cup,2022,20,8,Saved,0.05589417
12.44651055517168,18.31632117045455,113.6,45.675,right_foot,open_play,from_throw_in,0,0,0,1,1,0,0,0,0,0,3869354,FIFA World Cup,2022,21,29,Saved,0.07522586
4.631026479086469,67.83662228072488,117.3,31.2375,head,open_play,from_throw_in,0,0,1,0,0,1,0,0,0,0,3869354,FIFA World Cup,2022,21,33,Blocked,0.21807538
27.690547236376528,12.756192187101524,96.7,49.9625,right_foot,open_play,from_throw_in,0,0,0,1,0,0,0,0,0,0,3869354,FIFA World Cup,2022,28,30,Saved,0.018916143
13.601660054934465,27.299394465568152,107.9,28.7875,left_foot,open_play,from_free_kick,0,0,0,1,1,0,0,0,1,0,3869354,FIFA World Cup,2022,38,45,Off T,0.06798863
20.154652068443163,19.402103894525872,101.1,42.0,right_foot,open_play,from_corner,0,0,0,1,1,0,0,0,1,0,3869354,FIFA World Cup,2022,46,36,Saved,0.046397094
8.822777694694565,23.345919638844673,116.2,27.0375,head,open_play,from_corner,0,0,1,0,0,1,0,0,1,0,3869354,FIFA World Cup,2022,47,13,Blocked,0.048588943
23.730412975757506,14.125843445346273,101.1,49.35,right_foot,open_play,from_free_kick,0,0,0,1,1,0,0,0,1,0,3869354,FIFA World Cup,2022,51,1,Blocked,0.017202334
11.900321686828475,34.19033371584598,108.1,35.0875,right_foot,penalty,other,1,0,0,1,0,0,0,0,1,1,3869354,FIFA World Cup,2022,53,27,Goal,0.7835
24.56013029281401,16.84766741611917,95.6,37.8,left_foot,open_play,from_kick_off,0,0,0,1,1,0,0,0,0,0,3869354,FIFA World Cup,2022,54,44,Saved,0.06667264
18.068273298796427,21.445426627423437,103.2,41.65,right_foot,open_play,regular_play,0,0,0,1,0,1,0,0,0,0,3869354,FIFA World Cup,2022,59,35,Saved,0.07073746
23.791923524591283,15.190885137875284,99.5,47.075,left_foot,open_play,from_keeper,0,0,0,1,0,0,0,0,0,0,3869354,FIFA World Cup,2022,60,8,Blocked,0.030820057
24.137432029940555,15.043750608488525,99.1,47.075,left_foot,open_play,regular_play,0,0,0,1,0,0,0,0,0,0,3869354,FIFA World Cup,2022,61,6,Saved,0.029508974
11.745238396899406,32.64298883665685,109.1,30.625,head,open_play,from_free_kick,0,0,1,0,0,0,0,0,1,0,3869354,FIFA World Cup,2022,69,23,Post,0.07199757
19.772712415093682,12.674602177556372,108.4,18.9875,left_foot,open_play,regular_play,0,0,0,1,0,0,0,0,0,0,3869354,FIFA World Cup,2022,70,31,Blocked,0.006951497
9.37686648086662,34.88920884822164,112.9,41.125,head,open_play,regular_play,0,0,1,0,0,1,1,0,0,0,3869354,FIFA World Cup,2022,74,53,Off T,0.075690374
8.710993413497684,45.54410308810623,111.3,35.4375,left_foot,open_play,regular_play,0,0,0,1,1,0,0,0,0,0,3869354,FIFA World Cup,2022,76,23,Saved,0.20829616
6.165427803486143,57.60399068132129,114.7,31.85,head,open_play,from_corner,0,0,1,0,0,1,0,0,1,1,3869354,FIFA World Cup,2022,77,10,Goal,0.14665264
11.900321686828475,34.19033371584598,108.1,35.0875,right_foot,penalty,other,1,0,0,1,0,0,1,0,1,0,3869354,FIFA World Cup,2022,83,35,Off T,0.7835
30.776007802344996,13.44675064047942,89.5,39.1125,right_foot,open_play,regular_play,0,0,0,1,0,0,0,0,0,0,3869354,FIFA World Cup,2022,88,0,Off T,0.024138648
23.08465737779099,17.590284648048655,97.5,29.8375,right_foot,free_kick,from_free_kick,0,1,0,1,0,0,0,0,1,0,3869354,FIFA World Cup,2022,100,5,Off T,0.07922588
13.154852954328302,27.801039453478033,108.5,41.3875,left_foot,open_play,from_throw_in,0,0,0,1,0,1,0,0,0,0,3869552,FIFA World Cup,2022,4,37,Blocked,0.09459595
8.591065489798106,27.520983212980983,115.7,27.5625,left_foot,open_play,from_throw_in,0,0,0,1,1,0,0,0,0,1,3869552,FIFA World Cup,2022,4,40,Goal,0.0979349
27.31401883648761,13.754370350244322,95.5,22.925,right_foot,open_play,regular_play,0,0,0,1,0,0,0,0,0,0,3869552,FIFA World Cup,2022,9,38,Saved,0.01924696
18.659062811406145,16.561358451142073,106.4,47.775,right_foot,open_play,regular_play,0,0,0,1,0,0,0,0,0,0,3869552,FIFA World Cup,2022,16,1,Off T,0.06111174
18.61618919113146,17.785002603396304,105.4,23.45,left_foot,open_play,from_goal_kick,0,0,0,1,0,0,0,0,0,0,3869552,FIFA World Cup,2022,16,32,Post,0.09802507
27.304237880775947,13.872061269061966,95.3,46.6375,right_foot,open_play,from_throw_in,0,0,0,1,0,0,0,0,0,0,3869552,FIFA World Cup,2022,25,27,Blocked,0.020597277
24.79102975372342,16.2891959322031,96.0,28.7875,right_foot,open_play,regular_play,0,0,0,1,1,0,0,0,0,0,3869552,FIFA World Cup,2022,32,23,Blocked,0.040336993
9.00632590183144,41.20436061645336,111.9,38.9375,head,open_play,from_corner,0,0,1,0,0,1,0,0,1,0,3869552,FIFA World Cup,2022,34,5,Blocked,0.060999498
16.69843274831504,23.41035571434012,104.3,40.6875,left_foot,open_play,from_corner,0,0,0,1,1,0,0,0,1,0,3869552,FIFA World Cup,2022,34,7,Off T,0.061363008
11.50180013084908,27.067125275929495,111.7,27.0375,right_foot,open_play,from_counter,0,0,0,1,0,0,0,0,0,0,3869552,FIFA World Cup,2022,35,10,Blocked,0.15100354
14.367503480076143,28.301908167086722,105.8,37.1875,left_foot,open_play,from_counter,0,0,0,1,1,0,0,0,0,0,3869552,FIFA World Cup,2022,35,14,Off T,0.2635025
9.352681767813978,31.90395422601364,113.7,41.9125,right_foot,open_play,from_corner,0,0,0,1,1,0,0,0,1,0,3869552,FIFA World Cup,2022,39,33,Off T,0.07554505
13.868269764105396,27.638193117196494,107.2,29.6625,right_foot,open_play,from_corner,0,0,0,1,1,0,0,0,1,0,3869552,FIFA World Cup,2022,43,53,Saved to Post,0.06408756
23.428454921313097,17.66670025709819,96.7,32.55,right_foot,open_play,from_corner,0,0,0,1,1,0,0,0,1,0,3869552,FIFA World Cup,2022,43,59,Off T,0.035300843
27.60481162768549,14.263817331678439,94.0,44.275,right_foot,open_play,from_throw_in,0,0,0,1,0,1,0,0,0,0,3869552,FIFA World Cup,2022,46,56,Blocked,0.01766911
11.064477224433158,34.40415596030032,109.8,30.7125,right_foot,open_play,from_throw_in,0,0,0,1,1,0,0,0,0,0,3869552,FIFA World Cup,2022,52,40,Wayward,0.24936919
27.721832551258224,14.927083546316702,92.5,31.5,right_foot,open_play,from_throw_in,0,0,0,1,0,0,0,0,0,0,3869552,FIFA World Cup,2022,53,8,Off T,0.020691318
7.308225246255072,45.175184364973326,114.5,39.8125,head,open_play,from_free_kick,0,0,1,0,0,1,0,0,1,0,3869552,FIFA World Cup,2022,70,57,Off T,0.115658596
13.930098931809498,18.796880207562122,111.6,23.8875,left_foot,open_play,regular_play,0,0,0,1,0,0,0,0,0,0,3869552,FIFA World Cup,2022,73,31,Off T,0.040043775
15.604346349655277,22.155997217355313,107.2,26.075,right_foot,open_play,from_goal_kick,0,0,0,1,0,1,0,0,0,0,3869552,FIFA World Cup,2022,78,48,Blocked,0.033641826
5.515036264613323,62.146194493419195,115.6,38.325,right_foot,open_play,from_goal_kick,0,0,0,1,1,0,0,1,0,1,3869552,FIFA World Cup,2022,78,49,Goal,0.8521293
12.929641332999154,31.551836486151586,107.1,35.875,head,open_play,from_throw_in,0,0,1,0,0,1,0,0,0,0,3869552,FIFA World Cup,2022,85,38,Wayward,0.024939176
14.49845358133066,25.976845843930082,106.9,28.7875,right_foot,open_play,from_throw_in,0,0,0,1,0,0,0,0,0,0,3869552,FIFA World Cup,2022,92,42,Blocked,0.05950738
18.452117087207093,20.829394297143438,103.0,42.175,right_foot,open_play,from_throw_in,0,0,0,1,0,0,0,0,0,0,3869552,FIFA World Cup,2022,92,46,Blocked,0.06379096
22.991520175925736,17.283432493271693,98.1,42.0,left_foot,open_play,from_corner,0,0,0,1,0,0,0,0,1,0,3869552,FIFA World Cup,2022,93,7,Blocked,0.03807111
12.089690856262624,32.15096452745597,108.6,39.025,right_foot,open_play,from_corner,0,0,0,1,0,0,0,0,1,0,3869552,FIFA World Cup,2022,93,35,Blocked,0.067406826
4.688883129275024,74.02783620971154,115.9,32.725,other,open_play,from_corner,0,0,0,0,0,0,0,0,1,0,3869552,FIFA World Cup,2022,93,35,Blocked,0.50624365
27.049584100314743,12.191267787274215,98.8,18.2,right_foot,open_play,from_free_kick,0,0,0,1,0,0,0,0,1,0,3869420,FIFA World Cup,2022,4,6,Saved,0.008460451
8.287339742040261,45.92354222430869,112.2,37.8,right_foot,open_play,from_throw_in,0,0,0,1,1,0,0,0,0,0,3869420,FIFA World Cup,2022,12,4,Off T,0.19016835
23.444415646375152,15.633467030872641,99.5,23.625,right_foot,open_play,regular_play,0,0,0,1,0,0,0,0,0,0,3869420,FIFA World Cup,2022,18,26,Blocked,0.026674595
17.59836640145897,22.78094313943947,103.0,30.45,right_foot,open_play,regular_play,0,0,0,1,1,0,0,0,0,0,3869420,FIFA World Cup,2022,19,51,Blocked,0.06970771
18.395927708327186,16.081344325615362,107.2,21.7875,right_foot,open_play,regular_play,0,0,0,1,0,0,0,0,0,0,3869420,FIFA World Cup,2022,20,4,Saved,0.025347186
25.10957237788011,15.639266836497292,96.4,43.575,right_foot,open_play,regular_play,0,0,0,1,1,0,0,0,0,0,3869420,FIFA World Cup,2022,22,37,Blocked,0.030699778
25.570053896110586,12.377458349216525,100.8,18.1125,right_foot,open_play,regular_play,0,0,0,1,0,0,0,0,0,0,3869420,FIFA World Cup,2022,29,27,Off T,0.012010745
27.61906044745186,10.567675398220514,100.9,15.05,right_foot,free_kick,from_free_kick,0,1,0,1,0,0,0,0,1,0,3869420,FIFA World Cup,2022,41,33,Saved,0.008240742
8.192107482205047,47.82529425442208,111.9,36.225,head,open_play,from_corner,0,0,1,0,0,1,0,0,1,0,3869420,FIFA World Cup,2022,50,3,Wayward,0.11005159
12.140865908163226,22.0097234316081,112.6,25.375,left_foot,open_play,from_goal_kick,0,0,0,1,1,0,0,0,0,0,3869420,FIFA World Cup,2022,54,19,Saved,0.16692519
32.41681662347493,12.299280868968125,89.1,25.2,right_foot,free_kick,from_free_kick,0,1,0,1,0,0,0,0,1,0,3869420,FIFA World Cup,2022,65,8,Blocked,0.026057322
9.68091711822801,37.43385466744728,111.6,30.1875,left_foot,open_play,from_throw_in,0,0,0,1,1,0,0,0,0,0,3869420,FIFA World Cup,2022,65,31,Saved,0.26807922
22.128266001880938,15.95389436769538,101.4,46.9875,right_foot,open_play,from_corner,0,0,0,1,0,0,0,0,1,0,3869420,FIFA World Cup,2022,66,7,Blocked,0.04353941
24.13677497616448,13.591902890872587,101.2,50.1375,left_foot,open_play,from_free_kick,0,0,0,1,0,0,0,0,1,0,3869420,FIFA World Cup,2022,70,58,Blocked,0.030721588
11.891830178740364,18.642001519618237,114.1,24.675,left_foot,open_play,regular_play,0,0,0,1,1,0,0,0,0,0,3869420,FIFA World Cup,2022,75,47,Saved,0.12963046
16.638810053606605,23.165321463652894,104.6,28.7,left_foot,open_play,from_throw_in,0,0,0,1,1,0,0,0,0,0,3869420,FIFA World Cup,2022,79,47,Saved,0.092192985
10.636053074331656,37.88364633580055,109.4,35.875,head,open_play,regular_play,0,0,1,0,0,1,0,0,0,0,3869420,FIFA World Cup,2022,81,53,Off T,0.067200735
17.982786908596786,17.065573619889435,107.0,47.425,right_foot,open_play,from_throw_in,0,0,0,1,0,0,0,0,0,0,3869420,FIFA World Cup,2022,84,20,Blocked,0.026884926
19.60488220444081,19.051029877830736,102.5,43.8375,right_foot,open_play,regular_play,0,0,0,1,1,0,0,0,0,0,3869420,FIFA World Cup,2022,85,22,Blocked,0.04975106
16.41622672845377,23.620665150170716,104.7,40.95,left_foot,open_play,regular_play,0,0,0,1,1,0,0,0,0,0,3869420,FIFA World Cup,2022,85,24,Blocked,0.06132018
29.347061181658383,12.368740273746415,94.6,49.7,left_foot,open_play,from_free_kick,0,0,0,1,0,0,0,0,1,0,3869420,FIFA World Cup,2022,93,36,Saved,0.013999131
10.865570624684189,26.406952208568892,112.9,43.225,head,open_play,from_corner,0,0,1,0,0,0,0,0,1,0,3869420,FIFA World Cup,2022,91,16,Wayward,0.057022728
12.842994199173335,31.72701163762142,107.2,33.95,right_foot,open_play,from_free_kick,0,0,0,1,1,0,0,0,1,0,3869420,FIFA World Cup,2022,100,41,Saved,0.113875866
17.235138525698016,22.813502993840626,103.7,40.6,right_foot,open_play,regular_play,0,0,0,1,1,0,0,0,0,0,3869420,FIFA World Cup,2022,102,19,Off T,0.12467693
27.66605546513633,12.672306087782623,96.9,19.775,right_foot,open_play,from_throw_in,0,0,0,1,0,0,0,0,0,0,3869420,FIFA World Cup,2022,104,8,Off T,0.0154907415
7.206941098690898,33.61150927853316,116.5,41.3,right_foot,open_play,from_throw_in,0,0,0,1,0,0,0,0,0,1,3869420,FIFA World Cup,2022,105,35,Goal,0.4674385
16.844602251166393,24.460094125758523,103.2,33.775,left_foot,open_play,regular_play,0,0,0,1,1,0,0,0,0,1,3869420,FIFA World Cup,2022,116,2,Goal,0.09977819
31.37699196863842,12.124247607678576,91.5,48.125,left_foot,open_play,from_free_kick,0,0,0,1,0,0,0,0,1,0,3869420,FIFA World Cup,2022,119,45,Off T,0.01192189
9.900284086833064,27.43048983063638,114.0,27.125,left_foot,open_play,from_free_kick,0,0,0,1,1,0,0,0,1,0,3869420,FIFA World Cup,2022,121,19,Saved,0.10135116
12.0,33.92341177306582,108.0,35.0,right_foot,penalty,other,1,0,0,1,0,0,0,0,1,1,3869420,FIFA World Cup,2022,120,3,Goal,0.7835
12.099999999999994,33.6589628466828,107.9,35.0,right_foot,penalty,other,1,0,0,1,0,0,0,0,1,0,3869420,FIFA World Cup,2022,120,47,Saved,0.7835
12.0,33.92341177306582,108.0,35.0,left_foot,penalty,other,1,0,0,1,0,0,0,0,1,1,3869420,FIFA World Cup,2022,121,38,Goal,0.7835
12.0,33.92341177306582,108.0,35.0,right_foot,penalty,other,1,0,0,1,0,0,0,0,1,1,3869420,FIFA World Cup,2022,122,17,Goal,0.7835
12.0,33.92341177306582,108.0,35.0,right_foot,penalty,other,1,0,0,1,0,0,0,0,1,1,3869420,FIFA World Cup,2022,123,6,Goal,0.7835
12.0,33.92341177306582,108.0,35.0,right_foot,penalty,other,1,0,0,1,0,0,0,0,1,1,3869420,FIFA World Cup,2022,123,49,Goal,0.7835
12.0,33.92341177306582,108.0,35.0,right_foot,penalty,other,1,0,0,1,0,0,0,0,1,1,3869420,FIFA World Cup,2022,124,34,Goal,0.7835
12.0,33.92341177306582,108.0,35.0,right_foot,penalty,other,1,0,0,1,0,0,1,0,1,0,3869420,FIFA World Cup,2022,125,22,Post,0.7835
28.7608919585259,13.455890802153647,93.4,24.0625,right_foot,free_kick,from_free_kick,0,1,0,1,0,0,0,0,1,0,3869220,FIFA World Cup,2022,11,4,Off T,0.041958537
14.045128158902646,11.25778671295608,115.0,21.875,left_foot,open_play,regular_play,0,0,0,1,0,0,1,0,0,0,3869220,FIFA World Cup,2022,25,57,Off T,0.025564773
30.666107614922367,13.583858687712024,89.4,32.9875,left_foot,open_play,from_throw_in,0,0,0,1,0,0,0,0,0,0,3869220,FIFA World Cup,2022,32,18,Saved,0.023416335
7.531361513697237,48.963180703784275,113.2,38.2375,head,open_play,from_free_kick,0,0,1,0,0,0,0,0,1,0,3869220,FIFA World Cup,2022,41,52,Off T,0.25141555
25.90059120946856,6.227097201171122,110.2,11.025,right_foot,open_play,from_free_kick,0,0,0,1,1,0,0,0,1,0,3869220,FIFA World Cup,2022,54,0,Saved,0.0073576192
24.03726598950055,16.473371237720766,97.2,27.3875,right_foot,open_play,regular_play,0,0,0,1,1,0,0,0,0,0,3869220,FIFA World Cup,2022,77,37,Off T,0.031760626
9.612695056538517,6.343987838624717,118.8,44.5375,right_foot,open_play,from_corner,0,0,0,1,1,0,0,0,1,0,3869220,FIFA World Cup,2022,81,0,Wayward,0.017266534
9.426027795418392,42.36215690106474,110.6,35.7,right_foot,open_play,from_free_kick,0,0,0,1,1,0,0,0,1,0,3869220,FIFA World Cup,2022,85,5,Saved Off Target,0.119254045
10.789933097568307,18.46579875841382,115.3,44.7125,head,open_play,from_free_kick,0,0,1,0,0,0,1,0,1,0,3869220,FIFA World Cup,2022,90,20,Off T,0.049165204
12.344735720135928,32.933368458205535,107.7,33.95,head,open_play,from_corner,0,0,1,0,0,0,0,0,1,0,3869220,FIFA World Cup,2022,95,0,Blocked,0.04145577
12.271212501216006,21.810473835455422,112.5,25.2875,left_foot,open_play,from_throw_in,0,0,0,1,0,0,0,0,0,0,3869220,FIFA World Cup,2022,99,56,Blocked,0.077706024
40.53902440858684,10.208364331376606,79.9,40.95,right_foot,open_play,regular_play,0,0,0,1,0,0,0,0,0,0,3869220,FIFA World Cup,2022,102,51,Off T,0.0056476467
12.028514299363822,29.867572359230202,109.7,41.2125,left_foot,open_play,from_goal_kick,0,0,0,1,0,1,0,0,0,0,3869220,FIFA World Cup,2022,103,35,Saved,0.1301347
22.8805901639359,15.784706782628865,100.3,46.6375,right_foot,open_play,from_corner,0,0,0,1,1,0,0,0,1,0,3869220,FIFA World Cup,2022,106,9,Blocked,0.024551911
60.40057041328335,6.935182706429084,59.6,34.7375,right_foot,open_play,from_kick_off,0,0,0,1,1,0,0,0,0,0,3869220,FIFA World Cup,2022,105,1,Off T,0.004195439
18.47579920463524,21.224425490951432,102.6,41.2125,left_foot,open_play,regular_play,0,0,0,1,0,0,0,0,0,0,3869220,FIFA World Cup,2022,120,46,Blocked,0.0709334
16.165163160327214,24.87048447139059,104.3,38.85,head,open_play,regular_play,0,0,1,0,0,0,0,0,0,0,3869220,FIFA World Cup,2022,121,22,Blocked,0.039505202
7.4210953537870665,21.126514601895924,117.8,42.0875,right_foot,open_play,from_corner,0,0,0,1,1,0,0,0,1,0,3869220,FIFA World Cup,2022,122,22,Post,0.10407615
12.0,33.92341177306582,108.0,35.0,right_foot,penalty,other,1,0,0,1,0,0,0,0,1,1,3869220,FIFA World Cup,2022,120,7,Goal,0.7835
12.0,33.92341177306582,108.0,35.0,left_foot,penalty,other,1,0,0,1,0,0,1,0,1,0,3869220,FIFA World Cup,2022,121,0,Post,0.7835
12.0,33.92341177306582,108.0,35.0,left_foot,penalty,other,1,0,0,1,0,0,0,0,1,1,3869220,FIFA World Cup,2022,121,51,Goal,0.7835
12.0,33.92341177306582,108.0,35.0,right_foot,penalty,other,1,0,0,1,0,0,0,0,1,0,3869220,FIFA World Cup,2022,122,44,Saved,0.7835
12.0,33.92341177306582,108.0,35.0,right_foot,penalty,other,1,0,0,1,0,0,0,0,1,0,3869220,FIFA World Cup,2022,123,36,Saved,0.7835
12.0,33.92341177306582,108.0,35.0,right_foot,penalty,other,1,0,0,1,0,0,0,0,1,0,3869220,FIFA World Cup,2022,124,31,Saved,0.7835
12.0,33.92341177306582,108.0,35.0,right_foot,penalty,other,1,0,0,1,0,0,0,0,1,1,3869220,FIFA World Cup,2022,125,36,Goal,0.7835
7.474122022017039,51.90408585526934,112.6,33.95,head,open_play,from_corner,0,0,1,0,0,1,0,0,1,0,3869219,FIFA World Cup,2022,2,9,Off T,0.11361285
10.174999999999999,15.002605294640452,116.7,25.375,right_foot,open_play,from_goal_kick,0,0,0,1,0,0,1,0,0,0,3869219,FIFA World Cup,2022,7,31,Saved,0.05943511
5.697600920562969,64.6578575944898,114.5,33.5125,left_foot,open_play,from_goal_kick,0,0,0,1,0,1,0,0,0,0,3869219,FIFA World Cup,2022,7,34,Blocked,0.17775308
19.160701970439398,21.360678504794947,101.1,38.15,left_foot,open_play,from_free_kick,0,0,0,1,1,0,0,0,1,0,3869219,FIFA World Cup,2022,23,47,Off T,0.061746918
11.438968484964022,20.188482449678357,114.1,25.2,right_foot,open_play,regular_play,0,0,0,1,0,0,0,0,0,0,3869219,FIFA World Cup,2022,40,7,Wayward,0.08994952
7.510419845121844,47.887421663363334,113.5,38.7625,left_foot,open_play,from_corner,0,0,0,1,1,1,0,0,1,1,3869219,FIFA World Cup,2022,42,54,Goal,0.45874894
25.343690659609933,16.408265345952053,94.7,33.5125,right_foot,open_play,from_counter,0,0,0,1,0,0,0,0,0,0,3869219,FIFA World Cup,2022,45,27,Off T,0.03904812
20.847185811279186,19.07705427940085,100.1,41.2125,right_foot,open_play,from_throw_in,0,0,0,1,1,0,0,0,0,0,3869219,FIFA World Cup,2022,48,13,Off T,0.02993381
21.979080963497992,18.76527186596815,98.2,32.2,right_foot,open_play,regular_play,0,0,0,1,1,0,0,0,0,0,3869219,FIFA World Cup,2022,49,22,Wayward,0.041140273
14.921508176119463,26.09263284228812,106.0,29.8375,head,open_play,regular_play,0,0,1,0,0,0,0,0,0,1,3869219,FIFA World Cup,2022,54,54,Goal,0.02684295
27.977985207123112,13.688703942431523,94.4,46.2875,right_foot,open_play,from_throw_in,0,0,0,1,0,0,0,0,0,0,3869219,FIFA World Cup,2022,56,56,Saved,0.019910807
30.04602979180444,13.869861761080251,90.0,36.6625,right_foot,open_play,regular_play,0,0,0,1,0,1,0,0,0,0,3869219,FIFA World Cup,2022,59,48,Blocked,0.020528734
22.434825745924574,18.35022029003224,97.8,31.7625,right_foot,open_play,regular_play,0,0,0,1,1,0,0,0,0,0,3869219,FIFA World Cup,2022,59,49,Blocked,0.052081473
19.86558346110176,20.62253031434345,100.4,38.2375,left_foot,open_play,regular_play,0,0,0,1,0,0,0,0,0,0,3869219,FIFA World Cup,2022,59,52,Saved,0.056113943
24.946646192424346,15.902002034842607,96.3,42.7875,right_foot,open_play,regular_play,0,0,0,1,0,0,0,0,0,0,3869219,FIFA World Cup,2022,62,13,Saved,0.031055314
25.529015355081754,15.69268909775377,95.5,42.175,left_foot,open_play,regular_play,0,0,0,1,0,0,0,0,0,0,3869219,FIFA World Cup,2022,65,32,Blocked,0.018378427
25.419296312053955,13.717553725178488,98.9,20.825,right_foot,open_play,regular_play,0,0,0,1,0,0,0,0,0,0,3869219,FIFA World Cup,2022,65,52,Blocked,0.018472007
11.408939751352882,33.35397407383258,109.5,39.4625,head,open_play,regular_play,0,0,1,0,0,0,0,0,0,0,3869219,FIFA World Cup,2022,65,53,Off T,0.10111922
13.105491453966922,30.01947678423226,107.5,38.9375,head,open_play,from_free_kick,0,0,1,0,0,0,0,0,1,0,3869219,FIFA World Cup,2022,73,43,Off T,0.035465226
23.45570293127026,16.628287124100957,98.1,26.6,left_foot,open_play,from_throw_in,0,0,0,1,0,0,0,0,0,0,3869219,FIFA World Cup,2022,76,37,Blocked,0.030077945
9.810835846144814,40.006007512129806,110.5,37.45,head,open_play,from_throw_in,0,0,1,0,0,1,0,0,0,0,3869219,FIFA World Cup,2022,85,42,Off T,0.052599985
9.766212482329069,25.740898027610907,114.6,43.1375,head,open_play,from_corner,0,0,1,0,0,0,0,0,1,0,3869219,FIFA World Cup,2022,91,35,Off T,0.0608747
13.801862419615693,27.88195422323265,107.2,29.8375,right_foot,open_play,from_throw_in,0,0,0,1,1,0,0,0,0,0,3869219,FIFA World Cup,2022,100,24,Blocked,0.07439702
26.03766802634215,15.337188714784228,95.1,27.3875,left_foot,open_play,from_throw_in,0,0,0,1,1,0,0,0,0,0,3869219,FIFA World Cup,2022,100,26,Blocked,0.015196718
20.74525548167581,19.525291218896385,99.8,30.275,right_foot,open_play,from_throw_in,0,0,0,1,0,0,0,0,0,0,3869219,FIFA World Cup,2022,104,5,Saved,0.054134306
24.432128565681705,16.952573352622387,95.7,32.4625,right_foot,open_play,from_throw_in,0,0,0,1,1,0,0,0,0,0,3869219,FIFA World Cup,2022,104,9,Blocked,0.02615668
17.401979952005465,23.752371137972556,102.6,35.2625,right_foot,open_play,from_throw_in,0,0,0,1,1,0,0,0,0,0,3869219,FIFA World Cup,2022,104,20,Blocked,0.03667642
9.860725442379987,32.15505595749474,112.8,41.7375,head,open_play,from_throw_in,0,0,1,0,0,1,0,0,0,0,3869219,FIFA World Cup,2022,113,42,Saved,0.047236525
22.130214780927908,11.4664240436077,106.8,17.2375,right_foot,open_play,from_throw_in,0,0,0,1,0,0,0,0,0,0,3869219,FIFA World Cup,2022,120,10,Blocked,0.009676031
21.10818857694805,18.888435116673648,99.8,28.875,right_foot,open_play,from_throw_in,0,0,0,1,1,0,0,0,0,0,3869219,FIFA World Cup,2022,120,18,Off T,0.06501122
11.900321686828475,34.19033371584598,108.1,35.0875,right_foot,penalty,other,1,0,0,1,0,0,0,0,1,0,3869219,FIFA World Cup,2022,120,4,Saved,0.7835
11.900321686828475,34.19033371584598,108.1,35.0875,right_foot,penalty,other,1,0,0,1,0,0,0,0,1,1,3869219,FIFA World Cup,2022,120,43,Goal,0.7835
11.900321686828475,34.19033371584598,108.1,35.0875,right_foot,penalty,other,1,0,0,1,0,0,0,0,1,0,3869219,FIFA World Cup,2022,121,13,Saved,0.7835
11.900321686828475,34.19033371584598,108.1,35.0875,right_foot,penalty,other,1,0,0,1,0,0,0,0,1,1,3869219,FIFA World Cup,2022,121,52,Goal,0.7835
11.900321686828475,34.19033371584598,108.1,35.0875,right_foot,penalty,other,1,0,0,1,0,0,0,0,1,1,3869219,FIFA World Cup,2022,122,33,Goal,0.7835
11.900321686828475,34.19033371584598,108.1,35.0875,right_foot,penalty,other,1,0,0,1,0,0,1,0,1,0,3869219,FIFA World Cup,2022,123,13,Post,0.7835
11.900321686828475,34.19033371584598,108.1,35.0875,right_foot,penalty,other,1,0,0,1,0,0,0,0,1,0,3869219,FIFA World Cup,2022,123,50,Saved,0.7835
11.900321686828475,34.19033371584598,108.1,35.0875,right_foot,penalty,other,1,0,0,1,0,0,0,0,1,1,3869219,FIFA World Cup,2022,124,28,Goal,0.7835
9.513805757949868,39.550275768300885,111.3,38.85,right_foot,open_play,from_free_kick,0,0,0,1,1,0,0,0,1,0,3869253,FIFA World Cup,2022,6,39,Wayward,0.083826184
13.345463882907929,23.96173935184897,110.0,26.1625,right_foot,open_play,from_free_kick,0,0,0,1,0,0,0,0,1,1,3869253,FIFA World Cup,2022,6,41,Goal,0.13057186
12.0,33.92341177306582,108.0,35.0,right_foot,penalty,other,1,0,0,1,0,0,0,0,1,1,3869253,FIFA World Cup,2022,12,18,Goal,0.7835
31.40716478767225,12.553864435535942,90.4,24.5,right_foot,open_play,regular_play,0,0,0,1,0,0,0,0,0,0,3869253,FIFA World Cup,2022,16,15,Saved,0.016991004
28.848743473503312,14.196973848235706,91.7,40.6,left_foot,open_play,from_corner,0,0,0,1,0,0,0,0,1,0,3869253,FIFA World Cup,2022,16,40,Off T,0.026666574
37.799545301498,10.918382825936034,82.7,28.875,right_foot,open_play,from_corner,0,0,0,1,0,0,0,0,1,0,3869253,FIFA World Cup,2022,24,57,Saved,0.0058221314
9.737949283601756,39.89512674086137,110.7,37.8875,left_foot,open_play,from_corner,0,0,0,1,0,0,1,0,1,1,3869253,FIFA World Cup,2022,28,13,Goal,0.5379008
26.57647279550091,14.963767635429788,94.7,26.8625,left_foot,open_play,regular_play,0,0,0,1,0,0,0,0,0,0,3869253,FIFA World Cup,2022,30,19,Off T,0.02589997
8.080377466430638,5.638778444587899,119.3,26.95,right_foot,open_play,from_goal_kick,0,0,0,1,0,0,1,0,0,0,3869253,FIFA World Cup,2022,31,37,Saved,0.017834108
26.548069609672194,15.61571397172334,93.6,37.8,right_foot,open_play,from_throw_in,0,0,0,1,1,0,0,0,0,0,3869253,FIFA World Cup,2022,33,37,Off T,0.029429397
10.846197490365,35.076376830921596,110.0,39.2,right_foot,open_play,from_throw_in,0,0,0,1,1,1,0,0,0,1,3869253,FIFA World Cup,2022,35,45,Goal,0.08633457
11.349118908532061,26.904239635941106,112.0,43.05,left_foot,open_play,regular_play,0,0,0,1,1,0,0,0,0,0,3869253,FIFA World Cup,2022,45,14,Saved,0.2577265
14.039675922185669,21.13081652043595,110.3,45.15,right_foot,open_play,from_counter,0,0,0,1,0,0,0,0,0,0,3869253,FIFA World Cup,2022,48,8,Saved,0.2681848
8.83233583204352,44.25331476877106,111.4,37.0125,other,open_play,from_counter,0,0,0,0,0,1,0,0,0,0,3869253,FIFA World Cup,2022,48,9,Off T,0.26870713
18.742902823468942,18.78376711355834,104.3,45.2375,left_foot,open_play,from_kick_off,0,0,0,1,0,0,0,0,0,0,3869253,FIFA World Cup,2022,45,23,Saved,0.04634087
18.115881326891056,18.87188342351307,105.3,24.4125,right_foot,open_play,regular_play,0,0,0,1,0,0,0,0,0,0,3869253,FIFA World Cup,2022,46,16,Saved,0.1490943
13.348618842412119,23.09502769493253,110.4,44.275,left_foot,open_play,from_throw_in,0,0,0,1,0,0,0,0,0,0,3869253,FIFA World Cup,2022,53,52,Saved,0.080992505
15.018738295875586,18.325435857455332,110.4,23.45,right_foot,open_play,from_throw_in,0,0,0,1,0,1,0,0,0,0,3869253,FIFA World Cup,2022,53,59,Off T,0.05640157
29.471384426253206,13.94087695914759,91.0,29.75,left_foot,free_kick,from_free_kick,0,1,0,1,0,0,0,0,1,0,3869253,FIFA World Cup,2022,57,0,Blocked,0.04321825
11.112724969601292,19.74959328038052,114.6,44.7125,right_foot,open_play,regular_play,0,0,0,1,0,0,1,0,0,0,3869253,FIFA World Cup,2022,61,39,Saved,0.16284284
16.704682165488812,19.987622347050753,106.8,45.2375,right_foot,open_play,regular_play,0,0,0,1,1,0,0,0,0,0,3869253,FIFA World Cup,2022,67,34,Saved,0.04724954
26.300582217890156,15.844517156035764,93.7,34.825,left_foot,open_play,from_free_kick,0,0,0,1,0,0,0,0,1,1,3869253,FIFA World Cup,2022,75,47,Goal,0.023081098
14.512026262724309,18.281466726993955,111.1,46.4625,right_foot,open_play,from_free_kick,0,0,0,1,1,0,0,0,1,0,3869253,FIFA World Cup,2022,88,28,Blocked,0.027839905
3.996951963684333,84.83592387223604,116.1,35.875,head,open_play,from_corner,0,0,1,0,0,0,0,0,1,0,3869253,FIFA World Cup,2022,89,3,Saved,0.34439024
13.857128129594527,16.222718692383168,112.9,46.9,right_foot,open_play,from_goal_kick,0,0,0,1,0,0,1,0,0,0,3869253,FIFA World Cup,2022,89,49,Off T,0.058088522
32.047603752074814,12.854577320296716,88.4,40.3375,right_foot,open_play,from_throw_in,0,0,0,1,0,0,0,0,0,0,3869253,FIFA World Cup,2022,92,41,Off T,0.027316706
5.700000000000003,65.40946715400369,114.3,35.0,head,open_play,from_corner,0,0,1,0,0,1,0,0,1,0,3869152,FIFA World Cup,2022,3,12,Off T,0.1462742
11.072742433561798,15.008449315482057,116.0,45.325,right_foot,open_play,from_corner,0,0,0,1,0,0,0,0,1,0,3869152,FIFA World Cup,2022,10,1,Blocked,0.040392082
33.169887040054874,12.236237375462498,87.8,27.0375,right_foot,open_play,from_free_kick,0,0,0,1,0,0,0,0,1,0,3869152,FIFA World Cup,2022,12,5,Saved,0.017185243
21.61038885004154,18.554406137814897,99.2,40.8625,left_foot,open_play,from_free_kick,0,0,0,1,0,0,0,0,1,0,3869152,FIFA World Cup,2022,16,5,Saved,0.07651916
27.651178207266323,15.001330411076285,92.5,37.8875,left_foot,open_play,regular_play,0,0,0,1,0,0,0,0,0,0,3869152,FIFA World Cup,2022,20,9,Off T,0.03323787
29.132587530976373,12.596448324530948,94.5,49.0875,right_foot,open_play,from_goal_kick,0,0,0,1,0,0,0,0,0,0,3869152,FIFA World Cup,2022,21,22,Saved,0.01624438
17.013969444253743,15.55709697849333,109.5,21.6125,right_foot,open_play,regular_play,0,0,0,1,1,0,0,0,0,0,3869152,FIFA World Cup,2022,24,4,Blocked,0.043646414
27.794165304970036,13.657993752726984,94.8,23.275,right_foot,free_kick,from_free_kick,0,1,0,1,0,0,0,0,1,0,3869152,FIFA World Cup,2022,32,21,Blocked,0.042642463
25.253526981394106,13.768332435930017,99.1,49.175,right_foot,open_play,regular_play,0,0,0,1,1,0,0,0,0,0,3869152,FIFA World Cup,2022,33,57,Wayward,0.023505978
15.710511011739879,14.925333151262697,111.5,21.7875,left_foot,open_play,from_goal_kick,0,0,0,1,0,0,0,0,0,0,3869152,FIFA World Cup,2022,34,52,Saved,0.047962468
15.314826353896407,26.099281804750113,105.2,38.9375,left_foot,open_play,from_corner,0,0,0,1,1,0,0,0,1,0,3869152,FIFA World Cup,2022,35,31,Wayward,0.046657436
13.472935834479438,30.26036125798477,106.6,36.4,right_foot,open_play,from_throw_in,0,0,0,1,1,0,0,0,0,0,3869152,FIFA World Cup,2022,37,8,Saved,0.13905574
9.252305455939071,41.08178682629215,111.4,38.4125,left_foot,open_play,from_throw_in,0,0,0,1,1,0,0,0,0,0,3869152,FIFA World Cup,2022,37,9,Blocked,0.2098723
10.918798296973897,22.200834747492895,114.1,44.1875,right_foot,open_play,from_throw_in,0,0,0,1,1,0,0,0,0,0,3869152,FIFA World Cup,2022,37,10,Blocked,0.07224382
15.898235947739616,23.76761040499324,105.6,28.2625,left_foot,open_play,from_throw_in,0,0,0,1,0,0,0,0,0,1,3869152,FIFA World Cup,2022,43,28,Goal,0.28635955
15.17387248694281,20.709920025282308,108.8,45.2375,right_foot,open_play,from_throw_in,0,0,0,1,0,0,0,0,0,0,3869152,FIFA World Cup,2022,45,24,Blocked,0.03898995
24.15988410568229,9.544536286953193,106.9,55.3,left_foot,free_kick,from_free_kick,0,1,0,1,0,0,0,0,1,0,3869152,FIFA World Cup,2022,47,38,Saved,0.008752431
22.03911650339006,18.826819664254465,98.0,33.6875,right_foot,open_play,from_free_kick,0,0,0,1,1,0,0,0,1,0,3869152,FIFA World Cup,2022,47,41,Off T,0.032634486
21.434351080683548,16.45726129749358,102.0,23.3625,right_foot,open_play,from_throw_in,0,0,0,1,0,0,0,0,0,0,3869152,FIFA World Cup,2022,55,53,Blocked,0.02943752
15.483544692672927,17.585113108019353,110.2,23.0125,right_foot,open_play,regular_play,0,0,0,1,1,0,0,0,0,0,3869152,FIFA World Cup,2022,62,41,Wayward,0.054253228
7.283028216339688,37.79161873090018,115.8,40.95,left_foot,open_play,regular_play,0,0,0,1,1,1,0,0,0,0,3869152,FIFA World Cup,2022,65,8,Off T,0.12365263
9.219544457292887,31.523709134485653,114.0,28.0,head,open_play,from_free_kick,0,0,1,0,0,1,0,0,1,0,3869152,FIFA World Cup,2022,70,58,Off T,0.041239407
18.18077624855441,19.332402699121094,104.8,25.025,right_foot,open_play,regular_play,0,0,0,1,0,0,0,0,0,1,3869152,FIFA World Cup,2022,73,56,Goal,0.08738103
16.07328917801207,24.144095813980567,105.0,29.225,right_foot,open_play,from_free_kick,0,0,0,1,0,0,0,0,1,0,3869152,FIFA World Cup,2022,80,58,Off T,0.069959894
18.92465323328277,16.33137401271227,106.2,22.05,right_foot,open_play,regular_play,0,0,0,1,0,0,0,0,0,1,3869152,FIFA World Cup,2022,90,5,Goal,0.042708755
16.288344183802113,22.705779449001398,105.6,42.6125,right_foot,open_play,from_kick_off,0,0,0,1,1,1,0,0,0,0,3869152,FIFA World Cup,2022,91,50,Wayward,0.061160102
7.0,55.20627938669628,113.0,35.0,head,open_play,regular_play,0,0,1,0,0,1,0,0,0,0,3869152,FIFA World Cup,2022,93,41,Blocked,0.10443308
12.0,33.92341177306582,108.0,35.0,right_foot,penalty,other,1,0,0,1,0,0,0,0,1,1,3869152,FIFA World Cup,2022,98,36,Goal,0.7835
13.650051510891823,28.636874299794155,107.1,30.5375,left_foot,open_play,from_throw_in,0,0,0,1,1,0,0,0,0,0,3869117,FIFA World Cup,2022,2,10,Saved,0.3196895
15.443166976044772,26.153080830516267,104.9,38.2375,right_foot,open_play,regular_play,0,0,0,1,1,0,0,0,0,1,3869117,FIFA World Cup,2022,9,31,Goal,0.16183718
18.346951381632866,20.37592192564848,103.6,26.775,left_foot,open_play,regular_play,0,0,0,1,1,0,0,0,0,0,3869117,FIFA World Cup,2022,17,4,Off T,0.07337185
23.814888331671852,10.41153566280665,106.1,54.3375,right_foot,open_play,from_free_kick,0,0,0,1,1,0,0,0,1,0,3869117,FIFA World Cup,2022,20,20,Off T,0.008920797
25.331431192295472,14.689104260679256,97.5,46.6375,right_foot,open_play,regular_play,0,0,0,1,0,0,0,0,0,0,3869117,FIFA World Cup,2022,42,7,Saved,0.028368456
15.762951024475077,24.742949885071862,105.2,40.425,right_foot,open_play,regular_play,0,0,0,1,0,0,0,0,0,0,3869117,FIFA World Cup,2022,43,58,Blocked,0.07418261
12.469268472929762,32.57123884972042,107.6,33.6875,right_foot,open_play,from_throw_in,0,0,0,1,1,0,0,0,0,1,3869117,FIFA World Cup,2022,45,36,Goal,0.2502288
11.322053976642229,34.80153927353845,109.1,31.9375,head,open_play,from_corner,0,0,1,0,0,1,0,0,1,0,3869117,FIFA World Cup,2022,48,45,Wayward,0.03899759
4.32306676446247,78.32646594724777,116.5,32.4625,left_foot,open_play,from_corner,0,0,0,1,0,0,0,0,1,0,3869117,FIFA World Cup,2022,48,46,Saved,0.2582279
11.89330168624339,33.547958036903275,108.4,32.375,head,open_play,from_corner,0,0,1,0,0,1,0,0,1,0,3869117,FIFA World Cup,2022,48,55,Wayward,0.06857926
24.37116957082692,13.540330514843209,100.9,50.1375,left_foot,open_play,from_free_kick,0,0,0,1,0,0,0,0,1,0,3869117,FIFA World Cup,2022,50,49,Wayward,0.01609117
24.290896571555358,15.333074696056245,98.4,23.8875,right_foot,open_play,from_throw_in,0,0,0,1,0,0,0,0,0,0,3869117,FIFA World Cup,2022,52,0,Saved,0.040512722
18.42689949503172,21.887071682138107,102.1,30.625,left_foot,open_play,regular_play,0,0,0,1,0,0,0,0,0,0,3869117,FIFA World Cup,2022,53,0,Off T,0.053084504
22.082943785872388,17.154981616437126,100.0,44.3625,left_foot,open_play,regular_play,0,0,0,1,0,0,0,0,0,0,3869117,FIFA World Cup,2022,60,39,Blocked,0.053106464
22.259281771881145,18.001150769928977,98.6,41.125,right_foot,open_play,regular_play,0,0,0,1,1,0,0,0,0,0,3869117,FIFA World Cup,2022,60,42,Saved,0.046333984
23.00979411033485,16.512812830563384,99.1,44.625,left_foot,open_play,regular_play,0,0,0,1,0,0,0,0,0,0,3869117,FIFA World Cup,2022,62,41,Blocked,0.04334448
8.278520776684688,47.429283331309534,111.8,36.1375,head,open_play,from_corner,0,0,1,0,0,1,0,0,1,0,3869117,FIFA World Cup,2022,70,10,Off T,0.08036702
25.57255609046542,16.246189363396972,94.5,33.075,left_foot,open_play,regular_play,0,0,0,1,0,0,0,0,0,0,3869117,FIFA World Cup,2022,70,52,Saved,0.04472613
8.462860036654279,40.940702344589376,113.1,30.1,head,open_play,regular_play,0,0,1,0,0,0,1,0,0,0,3869117,FIFA World Cup,2022,70,54,Saved,0.27671057
22.808965479609103,16.947405925672015,98.9,43.6625,left_foot,open_play,regular_play,0,0,0,1,0,0,0,0,0,0,3869117,FIFA World Cup,2022,73,13,Off T,0.042619057
14.469364187828017,10.164875551716381,115.2,48.65,right_foot,open_play,regular_play,0,0,0,1,0,0,0,0,0,0,3869117,FIFA World Cup,2022,74,14,Blocked,0.046546377
6.6867406110899825,48.87529145546147,115.1,39.55,right_foot,open_play,from_corner,0,0,0,1,1,0,0,0,1,1,3869117,FIFA World Cup,2022,75,20,Goal,0.3636808
12.244998979175131,29.374891779286784,109.5,28.7,right_foot,open_play,regular_play,0,0,0,1,1,0,0,0,0,0,3869117,FIFA World Cup,2022,77,21,Off T,0.25042096
24.201113739867427,14.692539046265455,99.5,22.1375,left_foot,open_play,from_goal_kick,0,0,0,1,0,0,0,0,0,0,3869117,FIFA World Cup,2022,78,7,Saved,0.031073315
7.510419845121844,47.887421663363334,113.5,38.7625,left_foot,open_play,from_keeper,0,0,0,1,1,0,0,0,0,1,3869117,FIFA World Cup,2022,80,28,Goal,0.23592436
13.066392960568725,30.774602981554075,107.2,37.625,right_foot,open_play,from_corner,0,0,0,1,0,0,0,0,1,0,3869117,FIFA World Cup,2022,85,25,Off T,0.05674074
19.624235653905103,18.40761447940626,103.1,44.975,left_foot,open_play,regular_play,0,0,0,1,0,0,0,0,0,0,3869117,FIFA World Cup,2022,88,48,Blocked,0.043403003
16.514103820674006,24.44015715284072,103.9,38.675,right_foot,open_play,from_throw_in,0,0,0,1,1,0,0,0,0,0,3869117,FIFA World Cup,2022,93,29,Blocked,0.054460905
8.701759879472661,45.617896324389434,111.3,35.175,head,open_play,from_throw_in,0,0,1,0,0,1,0,0,0,0,3869117,FIFA World Cup,2022,94,7,Wayward,0.072495155
24.273352158282545,15.490068425552938,98.2,24.325,left_foot,open_play,regular_play,0,0,0,1,0,0,0,0,0,0,3857270,FIFA World Cup,2022,2,2,Off T,0.039672486
17.236811081229607,21.285499541486978,104.9,26.6875,right_foot,open_play,from_throw_in,0,0,0,1,1,0,0,0,0,0,3857270,FIFA World Cup,2022,2,59,Off T,0.048683427
31.63173100306084,12.217194375166988,90.8,47.1625,right_foot,open_play,from_free_kick,0,0,0,1,0,0,0,0,1,0,3857270,FIFA World Cup,2022,7,17,Off T,0.014580331
10.899491100505559,36.35841551204716,109.4,32.4625,head,open_play,from_corner,0,0,1,0,0,0,0,0,1,0,3857270,FIFA World Cup,2022,11,6,Off T,0.050594334
20.60100498155369,18.69527329241306,101.0,27.0375,right_foot,open_play,regular_play,0,0,0,1,0,0,0,0,0,0,3857270,FIFA World Cup,2022,15,31,Blocked,0.033737455
28.05308583739051,12.794853580454085,96.0,20.475,right_foot,free_kick,from_free_kick,0,1,0,1,0,0,0,0,1,0,3857270,FIFA World Cup,2022,17,45,Blocked,0.026755862
28.953799405259403,13.761380457887924,92.4,43.75,right_foot,open_play,regular_play,0,0,0,1,1,0,0,0,0,0,3857270,FIFA World Cup,2022,19,49,Blocked,0.015326656
13.248920946628072,30.792222250932877,106.8,36.1375,right_foot,open_play,from_throw_in,0,0,0,1,0,0,1,0,0,0,3857270,FIFA World Cup,2022,31,57,Saved,0.49410823
24.56797012880795,14.332316954863709,99.4,21.6125,left_foot,open_play,from_keeper,0,0,0,1,0,0,0,0,0,0,3857270,FIFA World Cup,2022,34,9,Blocked,0.029249214
29.292330480861374,13.827076198056348,91.6,27.825,right_foot,open_play,from_keeper,0,0,0,1,0,0,0,0,0,0,3857270,FIFA World Cup,2022,34,15,Blocked,0.022321237
14.797640225725177,22.442936753329004,108.4,25.8125,right_foot,open_play,from_goal_kick,0,0,0,1,1,0,0,0,0,0,3857270,FIFA World Cup,2022,35,8,Wayward,0.07433986
27.588505305652212,14.753376043421344,93.1,28.875,right_foot,open_play,from_throw_in,0,0,0,1,0,0,0,0,0,0,3857270,FIFA World Cup,2022,36,45,Blocked,0.028039778
16.547436546184425,18.783653788677135,107.9,23.7125,left_foot,open_play,other,0,0,0,1,0,0,0,0,0,0,3857270,FIFA World Cup,2022,51,38,Off T,0.036293734
30.30364045787238,9.460648342045133,99.4,12.775,right_foot,open_play,regular_play,0,0,0,1,0,0,0,0,0,1,3857270,FIFA World Cup,2022,53,40,Goal,0.0077694156
39.57831042692449,9.393777939357925,84.9,16.7125,right_foot,open_play,regular_play,0,0,0,1,0,1,0,0,0,0,3857270,FIFA World Cup,2022,56,10,Wayward,0.007159395
17.102014683948784,24.156770583172907,102.9,34.7375,right_foot,open_play,regular_play,0,0,0,1,1,0,0,0,0,0,3857270,FIFA World Cup,2022,57,25,Off T,0.07401822
27.381791395012858,15.130237279888512,92.8,38.15,right_foot,open_play,regular_play,0,0,0,1,0,0,0,0,0,0,3857270,FIFA World Cup,2022,59,10,Saved,0.03092143
13.078250074073372,28.92319076694996,108.1,29.575,head,open_play,from_throw_in,0,0,1,0,0,1,0,0,0,0,3857270,FIFA World Cup,2022,64,40,Blocked,0.041303303
20.987615395751845,19.621200004827312,99.2,37.8,right_foot,open_play,from_throw_in,0,0,0,1,1,0,0,0,0,0,3857270,FIFA World Cup,2022,74,16,Post,0.047642853
6.850000000000004,43.85057608843176,115.6,29.75,left_foot,open_play,from_free_kick,0,0,0,1,0,0,0,0,1,0,3857270,FIFA World Cup,2022,77,14,Off T,0.088375136
13.822174213921631,23.79135195185199,109.3,43.75,right_foot,open_play,regular_play,0,0,0,1,1,0,0,0,0,0,3857270,FIFA World Cup,2022,78,9,Saved,0.2560759
25.951712973327986,15.317944094293903,95.3,42.9625,right_foot,open_play,regular_play,0,0,0,1,0,0,0,0,0,0,3857270,FIFA World Cup,2022,82,41,Off T,0.026902085
32.04284485263442,12.936969691872674,88.2,38.9375,right_foot,open_play,from_free_kick,0,0,0,1,0,0,0,0,1,0,3857270,FIFA World Cup,2022,85,49,Off T,0.019629322
12.0,33.92341177306582,108.0,35.0,right_foot,penalty,other,1,0,0,1,0,0,0,0,1,1,3857270,FIFA World Cup,2022,92,19,Goal,0.7835
9.047237147328458,13.816869038416726,117.7,43.75,right_foot,open_play,from_throw_in,0,0,0,1,1,0,0,0,0,0,3857270,FIFA World Cup,2022,97,19,Saved,0.032710962
19.88719751498436,20.38740768357528,100.6,30.625,right_foot,open_play,regular_play,0,0,0,1,0,0,0,0,0,0,3857270,FIFA World Cup,2022,98,15,Post,0.100704454
22.982088813900273,15.497793152464553,100.5,22.8375,right_foot,open_play,regular_play,0,0,0,1,0,0,0,0,0,0,3857263,FIFA World Cup,2022,6,25,Saved to Post,0.032144632
27.587771860916934,12.903220512161546,96.6,20.3875,right_foot,open_play,regular_play,0,0,0,1,0,0,0,0,0,0,3857263,FIFA World Cup,2022,21,14,Off T,0.021667236
22.51256593549478,14.314480354642539,102.8,49.525,left_foot,open_play,regular_play,0,0,0,1,0,0,0,0,0,0,3857263,FIFA World Cup,2022,24,11,Off T,0.028963488
18.088670487352026,21.8615489027669,102.8,40.6,left_foot,open_play,regular_play,0,0,0,1,0,0,0,0,0,0,3857263,FIFA World Cup,2022,25,58,Blocked,0.068952255
32.8081378052763,11.823769136723874,89.6,22.6625,right_foot,open_play,from_free_kick,0,0,0,1,0,0,0,0,1,0,3857263,FIFA World Cup,2022,29,40,Off T,0.0065071667
16.34749598562422,16.390308667119704,109.8,47.775,right_foot,open_play,from_corner,0,0,0,1,0,0,0,0,1,0,3857263,FIFA World Cup,2022,35,4,Blocked,0.04777013
18.764211281053086,7.753479443823423,113.7,52.675,right_foot,open_play,from_free_kick,0,0,0,1,0,0,0,0,1,0,3857263,FIFA World Cup,2022,44,35,Saved,0.008851705
14.209701791381834,28.87095721926988,105.8,35.525,right_foot,open_play,regular_play,0,0,0,1,1,0,0,0,0,0,3857263,FIFA World Cup,2022,55,53,Saved,0.09558376
35.07542097038894,11.624957400591292,85.8,27.2125,right_foot,open_play,from_throw_in,0,0,0,1,0,0,0,0,0,0,3857263,FIFA World Cup,2022,58,0,Saved,0.0118638035
8.432980270936246,40.7737182907629,113.2,30.0125,right_foot,open_play,from_goal_kick,0,0,0,1,1,0,0,0,0,1,3857263,FIFA World Cup,2022,61,33,Goal,0.31874228
23.801447566272095,17.483042831222154,96.2,34.7375,right_foot,open_play,regular_play,0,0,0,1,0,0,0,0,0,0,3857263,FIFA World Cup,2022,63,24,Blocked,0.036448006
18.900148808937985,21.28642625232317,101.7,39.725,left_foot,open_play,from_free_kick,0,0,0,1,1,0,0,0,1,0,3857263,FIFA World Cup,2022,64,26,Off T,0.13836038
8.897339841210965,44.40539848837269,111.2,36.3125,right_foot,open_play,regular_play,0,0,0,1,1,0,0,0,0,0,3857263,FIFA World Cup,2022,72,0,Wayward,0.3730103
13.270697278214136,24.00653986198946,110.1,43.8375,right_foot,open_play,from_throw_in,0,0,0,1,1,0,0,0,0,0,3857263,FIFA World Cup,2022,72,43,Saved,0.28996226
20.83104654116062,14.726282610360164,104.9,20.65,right_foot,open_play,from_throw_in,0,0,0,1,0,0,0,0,0,0,3857263,FIFA World Cup,2022,72,50,Blocked,0.024480116
9.03839034341846,42.998254610607525,111.3,37.45,head,open_play,from_corner,0,0,1,0,0,0,0,0,1,0,3857263,FIFA World Cup,2022,73,17,Off T,0.065169856
24.531054935530182,14.708579276086411,98.9,22.4875,right_foot,free_kick,from_free_kick,0,1,0,1,0,0,0,0,1,0,3857263,FIFA World Cup,2022,80,18,Blocked,0.053563386
13.894608891580939,20.547598815577707,110.8,45.4125,right_foot,open_play,from_counter,0,0,0,1,0,0,1,0,0,1,3857263,FIFA World Cup,2022,82,25,Goal,0.16441207
11.387520581759661,31.146005511480354,110.4,28.875,head,open_play,regular_play,0,0,1,0,0,0,0,0,0,0,3857259,FIFA World Cup,2022,5,38,Off T,0.06545554
13.62866923070627,13.379116597374262,114.4,47.425,left_foot,open_play,regular_play,0,0,0,1,0,0,0,0,0,0,3857259,FIFA World Cup,2022,10,2,Post,0.016927462
20.102627315851027,12.465815075810584,108.2,18.725,left_foot,open_play,regular_play,0,0,0,1,0,0,0,0,0,0,3857259,FIFA World Cup,2022,10,14,Off T,0.012009094
24.683980761822024,16.490930303900175,95.9,29.6625,left_foot,open_play,from_free_kick,0,0,0,1,1,0,0,0,1,0,3857259,FIFA World Cup,2022,15,11,Off T,0.046143826
11.16739114565259,36.126768471843235,108.9,33.775,right_foot,open_play,from_throw_in,0,0,0,1,1,1,0,0,0,0,3857259,FIFA World Cup,2022,16,22,Off T,0.063389905
21.235116111055294,11.25969483055919,108.1,52.5875,right_foot,open_play,regular_play,0,0,0,1,0,0,1,0,0,0,3857259,FIFA World Cup,2022,18,37,Saved,0.009715966
24.826224164177688,15.730253725795023,96.8,43.8375,right_foot,open_play,from_corner,0,0,0,1,1,0,0,0,1,0,3857259,FIFA World Cup,2022,19,31,Blocked,0.029523049
7.442288374552546,39.920223336925844,115.2,29.3125,head,open_play,from_corner,0,0,1,0,0,0,0,0,1,0,3857259,FIFA World Cup,2022,28,6,Blocked,0.09064111
3.1764760348537155,106.75476115679417,118.5,37.8,right_foot,open_play,from_corner,0,0,0,1,1,0,0,1,1,1,3857259,FIFA World Cup,2022,28,7,Goal,0.8945071
20.446408608848646,16.618931967873127,103.5,47.075,right_foot,open_play,regular_play,0,0,0,1,0,0,0,0,0,0,3857259,FIFA World Cup,2022,42,44,Saved,0.0845098
16.273295801711463,15.460590637288428,110.5,48.2125,right_foot,open_play,regular_play,0,0,0,1,1,0,0,0,0,0,3857259,FIFA World Cup,2022,42,45,Off T,0.056867022
9.61730211649816,40.7174540984172,110.7,37.45,head,open_play,from_free_kick,0,0,1,0,0,0,0,0,1,1,3857259,FIFA World Cup,2022,45,22,Goal,0.07892812
21.22566621451492,18.86055000031247,99.6,40.8625,left_foot,open_play,from_throw_in,0,0,0,1,0,0,0,0,0,1,3857259,FIFA World Cup,2022,47,52,Goal,0.058657028
22.208363430248518,18.23841870601738,98.4,40.1625,right_foot,open_play,from_throw_in,0,0,0,1,0,0,0,0,0,0,3857259,FIFA World Cup,2022,50,0,Blocked,0.08318807
18.962067397834023,19.772616858129258,103.0,43.4,right_foot,open_play,from_corner,0,0,0,1,1,0,0,0,1,0,3857259,FIFA World Cup,2022,51,13,Blocked,0.039666813
6.402392131071016,59.50050477071252,113.6,35.175,right_foot,open_play,regular_play,0,0,0,1,1,0,0,1,0,1,3857259,FIFA World Cup,2022,52,26,Goal,0.8974681
15.04900328925474,24.88074916147361,106.5,41.65,left_foot,open_play,from_counter,0,0,0,1,0,0,0,0,0,0,3857259,FIFA World Cup,2022,59,40,Blocked,0.05176351
19.206806248046547,15.64379687760791,106.4,21.4375,right_foot,open_play,from_counter,0,0,0,1,0,0,0,0,0,0,3857259,FIFA World Cup,2022,61,53,Saved,0.02132554
24.567063825374,16.316233555113314,96.4,41.825,right_foot,open_play,from_keeper,0,0,0,1,0,1,0,0,0,0,3857259,FIFA World Cup,2022,62,22,Off T,0.10917903
17.474999999999994,21.360231803827812,104.4,42.875,right_foot,open_play,from_goal_kick,0,0,0,1,0,0,0,0,0,1,3857259,FIFA World Cup,2022,62,52,Goal,0.28323865
9.375,41.48807716603968,111.0,32.375,left_foot,open_play,from_counter,0,0,0,1,1,0,0,0,0,1,3857259,FIFA World Cup,2022,65,25,Goal,0.46942416
10.72963914817269,34.35561923646766,110.5,39.9875,head,open_play,from_corner,0,0,1,0,0,1,0,0,1,0,3857259,FIFA World Cup,2022,69,58,Wayward,0.0304652
16.93307137674675,14.849018208027022,110.1,48.7375,right_foot,open_play,from_free_kick,0,0,0,1,1,0,0,0,1,0,3857259,FIFA World Cup,2022,75,52,Saved,0.10947208
25.817060735103052,15.533263147380376,95.2,42.175,right_foot,open_play,regular_play,0,0,0,1,0,0,0,0,0,0,3857259,FIFA World Cup,2022,77,24,Off T,0.032438725
29.204280508172086,12.77348878208475,94.0,21.7,right_foot,open_play,from_throw_in,0,0,0,1,0,0,0,0,0,0,3857259,FIFA World Cup,2022,86,7,Saved,0.025639288
14.974066122800451,27.354061372873446,105.1,33.5125,right_foot,open_play,from_keeper,0,0,0,1,1,0,0,0,0,0,3857259,FIFA World Cup,2022,88,4,Off T,0.1134657
28.433521699747292,8.740925078224173,103.3,11.9875,right_foot,free_kick,from_free_kick,0,1,0,1,0,0,0,0,1,0,3857259,FIFA World Cup,2022,94,8,Saved,0.0070103277
28.2603963171078,14.478345740805139,92.3,29.4,right_foot,open_play,from_throw_in,0,0,0,1,0,0,0,0,0,0,3857259,FIFA World Cup,2022,94,42,Saved,0.027356416
13.520724832641186,23.36804356687498,110.0,25.9,left_foot,open_play,regular_play,0,0,0,1,1,0,0,0,0,0,3857283,FIFA World Cup,2022,4,48,Saved,0.13561569
26.26935298498994,15.017319612327373,95.2,26.3375,right_foot,open_play,from_free_kick,0,0,0,1,1,0,0,0,1,0,3857283,FIFA World Cup,2022,15,51,Blocked,0.023734333
5.537203716678669,66.40527492292229,114.6,33.775,head,open_play,from_corner,0,0,1,0,0,0,0,0,1,0,3857283,FIFA World Cup,2022,16,21,Off T,0.22733837
21.880599283383447,16.55664556306982,101.1,23.975,right_foot,open_play,from_throw_in,0,0,0,1,0,0,0,0,0,0,3857283,FIFA World Cup,2022,18,26,Saved,0.050302412
33.20391543176798,11.953871700433695,88.5,45.5,left_foot,open_play,from_throw_in,0,0,0,1,0,1,0,0,0,0,3857283,FIFA World Cup,2022,20,26,Off T,0.010982664
16.371855614132443,21.92218511080505,106.0,43.4875,right_foot,open_play,from_goal_kick,0,0,0,1,1,0,0,0,0,0,3857283,FIFA World Cup,2022,27,27,Off T,0.054105066
17.770168998915008,14.391673829501633,109.4,49.2625,right_foot,open_play,regular_play,0,0,0,1,0,1,0,0,0,0,3857283,FIFA World Cup,2022,34,13,Off T,0.054164495
25.965099773542182,16.008755578613684,94.1,36.8375,left_foot,open_play,from_goal_kick,0,0,0,1,0,1,0,0,0,0,3857283,FIFA World Cup,2022,34,54,Blocked,0.021631707
30.0625,3.4814940387776057,112.6,5.8625,right_foot,free_kick,from_free_kick,0,1,0,1,0,0,0,0,1,0,3857283,FIFA World Cup,2022,38,51,Off T,0.007375095
25.792879952614825,15.56156067279206,95.2,42.0875,left_foot,open_play,regular_play,0,0,0,1,0,0,0,0,0,0,3857283,FIFA World Cup,2022,49,45,Saved,0.02991042
22.265251093351715,12.906778850805516,104.9,51.3625,right_foot,open_play,regular_play,0,0,0,1,0,0,0,0,0,0,3857283,FIFA World Cup,2022,51,8,Saved,0.009158539
8.628441342444178,45.876696573112056,111.4,35.7,head,open_play,from_corner,0,0,1,0,0,1,0,0,1,0,3857283,FIFA World Cup,2022,51,52,Off T,0.06452631
20.679035277304408,13.32212512659431,106.6,19.25,right_foot,open_play,from_throw_in,0,0,0,1,0,0,0,0,0,0,3857283,FIFA World Cup,2022,56,11,Off T,0.01369968
32.85837269631592,12.614883558059413,87.4,30.8875,right_foot,open_play,regular_play,0,0,0,1,1,0,0,0,0,0,3857283,FIFA World Cup,2022,60,50,Off T,0.022188112
22.191443311555915,18.658955832422173,97.9,32.9875,right_foot,open_play,regular_play,0,0,0,1,0,0,0,0,0,0,3857283,FIFA World Cup,2022,64,40,Saved,0.065653466
32.43825866164829,12.860204400039562,87.6,33.425,right_foot,open_play,from_free_kick,0,0,0,1,0,0,0,0,1,0,3857283,FIFA World Cup,2022,68,26,Off T,0.023304239
3.731286641361126,87.93878951071667,118.0,31.85,other,open_play,from_free_kick,0,0,0,0,0,0,1,1,1,1,3857283,FIFA World Cup,2022,72,37,Goal,0.56495196
11.100450441310935,35.99860094336925,109.1,32.9,head,open_play,from_corner,0,0,1,0,0,1,0,0,1,0,3857283,FIFA World Cup,2022,81,40,Off T,0.03727616
10.290415747189227,15.05979331760538,116.6,25.2875,left_foot,open_play,regular_play,0,0,0,1,0,0,0,0,0,0,3857283,FIFA World Cup,2022,90,0,Saved,0.036752854
11.379477140888332,31.449645564104035,110.3,40.95,right_foot,open_play,from_goal_kick,0,0,0,1,1,0,0,0,0,1,3857283,FIFA World Cup,2022,91,51,Goal,0.18104906
11.900321686828475,34.19033371584598,108.1,35.0875,right_foot,penalty,other,1,0,0,1,0,0,0,0,1,1,3857286,FIFA World Cup,2022,15,49,Goal,0.7835
24.15802144216285,16.787302437700106,96.5,40.6,right_foot,open_play,from_throw_in,0,0,0,1,0,1,0,0,0,0,3857286,FIFA World Cup,2022,28,7,Off T,0.057691004
10.546207849269809,37.889727805061725,109.6,33.25,head,open_play,regular_play,0,0,1,0,0,0,0,0,0,1,3857286,FIFA World Cup,2022,30,44,Goal,0.08878088
35.152809276073505,10.715903346123811,88.4,19.6,left_foot,open_play,from_kick_off,0,0,0,1,0,0,0,0,0,0,3857286,FIFA World Cup,2022,32,40,Off T,0.0062173195
7.712418962297106,48.031446112331494,113.0,38.2375,head,open_play,from_free_kick,0,0,1,0,0,0,1,0,1,0,3857286,FIFA World Cup,2022,49,51,Off T,0.21267414
33.98235065809897,10.286764559368645,91.7,53.8125,right_foot,open_play,regular_play,0,0,0,1,0,0,0,0,0,0,3857286,FIFA World Cup,2022,51,26,Off T,0.0066099144
19.31330904454231,20.2255228825445,101.9,28.2625,right_foot,open_play,regular_play,0,0,0,1,0,0,0,0,0,0,3857286,FIFA World Cup,2022,54,46,Saved,0.07894745
15.010543169719076,24.99993451509067,106.5,41.5625,head,open_play,from_throw_in,0,0,1,0,0,1,0,0,0,0,3857286,FIFA World Cup,2022,61,23,Off T,0.030855335
31.576576069137076,11.728856327335917,92.1,20.2125,right_foot,open_play,from_throw_in,0,0,0,1,0,0,0,0,0,0,3857286,FIFA World Cup,2022,74,36,Off T,0.009109482
23.852253562294692,14.622224208312781,100.2,48.3,right_foot,open_play,from_goal_kick,0,0,0,1,1,0,0,0,0,0,3857286,FIFA World Cup,2022,85,28,Off T,0.045332674
8.029048822868125,47.82105482608722,112.3,32.725,head,open_play,from_corner,0,0,1,0,0,0,0,0,1,0,3857286,FIFA World Cup,2022,94,26,Off T,0.13848205
15.99230772121397,25.086635854688048,104.5,38.9375,left_foot,open_play,regular_play,0,0,0,1,1,0,0,0,0,0,3857300,FIFA World Cup,2022,1,34,Saved,0.15308252
12.0,33.92341177306582,108.0,35.0,left_foot,penalty,other,1,0,0,1,0,0,0,0,1,1,3857300,FIFA World Cup,2022,9,15,Goal,0.7835
27.689630279221856,11.853572185085335,98.4,17.675,right_foot,open_play,from_throw_in,0,0,0,1,0,0,0,0,0,0,3857300,FIFA World Cup,2022,20,0,Off T,0.011924569
8.698886422985414,38.63510440299852,113.2,29.575,head,open_play,from_free_kick,0,0,1,0,0,0,0,0,1,0,3857300,FIFA World Cup,2022,41,54,Blocked,0.0877444
18.96551146159787,21.777156436469845,101.1,36.575,right_foot,open_play,from_free_kick,0,0,0,1,1,0,0,0,1,0,3857300,FIFA World Cup,2022,41,56,Off T,0.050540753
15.060212481900779,22.371751867872057,108.0,25.9,left_foot,open_play,from_free_kick,0,0,0,1,0,0,0,0,1,1,3857300,FIFA World Cup,2022,47,40,Goal,0.080592275
19.49933091800844,16.768503731584918,104.9,47.3375,left_foot,open_play,regular_play,0,0,0,1,0,0,0,0,0,0,3857300,FIFA World Cup,2022,52,36,Blocked,0.040064447
21.799172145978385,15.587661444255703,102.4,22.1375,right_foot,open_play,regular_play,0,0,0,1,0,0,0,0,0,1,3857300,FIFA World Cup,2022,52,44,Goal,0.03280492
8.900430116011254,44.70512162552732,111.1,34.9125,right_foot,open_play,from_corner,0,0,0,1,1,0,0,0,1,0,3857300,FIFA World Cup,2022,62,47,Blocked,0.33156127
4.6057029865157455,74.68683490671518,116.1,32.55,other,open_play,from_corner,0,0,0,0,0,0,1,0,1,0,3857300,FIFA World Cup,2022,62,47,Saved,0.63619345
8.537866024364638,23.296298042781636,116.5,27.2125,head,open_play,from_corner,0,0,1,0,0,1,0,0,1,0,3857300,FIFA World Cup,2022,68,35,Off T,0.077176735
15.255163060419903,16.01490237202667,111.4,47.6,right_foot,open_play,from_throw_in,0,0,0,1,0,0,1,0,0,0,3857300,FIFA World Cup,2022,71,54,Saved,0.0639515
36.579145783492535,10.42675202669339,86.7,50.1375,left_foot,open_play,from_throw_in,0,0,0,1,0,0,0,0,0,0,3857300,FIFA World Cup,2022,73,37,Blocked,0.015201165
11.805189536809646,34.43858623232114,108.2,34.65,head,open_play,from_corner,0,0,1,0,0,0,0,0,1,0,3857300,FIFA World Cup,2022,75,19,Off T,0.036932193
27.900450825210694,14.587804571660035,92.8,41.2125,left_foot,free_kick,from_free_kick,0,1,0,1,0,0,0,0,1,0,3857300,FIFA World Cup,2022,79,58,Off T,0.056788407
9.356314712535061,32.28644978461185,113.6,28.175,head,open_play,regular_play,0,0,1,0,0,0,0,0,0,0,3857300,FIFA World Cup,2022,83,31,Saved,0.077553175
10.674999999999999,37.391389108640695,109.5,33.075,head,open_play,from_corner,0,0,1,0,0,1,0,0,1,0,3857300,FIFA World Cup,2022,90,34,Wayward,0.048093256
9.573531218939017,35.0510262342829,112.5,29.05,head,open_play,from_corner,0,0,1,0,0,1,0,0,1,0,3857300,FIFA World Cup,2022,100,3,Saved,0.061390053
9.084198162193507,40.62051484068789,111.9,39.1125,left_foot,open_play,regular_play,0,0,0,1,1,1,0,0,0,0,3857299,FIFA World Cup,2022,3,49,Blocked,0.09163986
24.622985323676733,16.048731009454855,96.7,42.9625,right_foot,open_play,from_corner,0,0,0,1,0,0,0,0,1,0,3857299,FIFA World Cup,2022,7,14,Blocked,0.03008143
8.833609468954354,31.917231462856915,114.5,41.9125,head,open_play,from_corner,0,0,1,0,0,0,0,0,1,0,3857299,FIFA World Cup,2022,7,49,Wayward,0.059008703
27.57655537317886,13.39264280451406,95.7,48.0375,right_foot,open_play,from_corner,0,0,0,1,0,0,0,0,1,0,3857299,FIFA World Cup,2022,7,54,Blocked,0.019586006
9.5770559150503,23.263079331203844,115.4,26.6,head,open_play,from_corner,0,0,1,0,0,0,0,0,1,0,3857299,FIFA World Cup,2022,17,10,Blocked,0.055939306
4.860700181043879,72.74577321372483,115.5,33.1625,left_foot,open_play,from_free_kick,0,0,0,1,1,0,0,0,1,1,3857299,FIFA World Cup,2022,23,43,Goal,0.4040968
7.077473066003154,54.00087983775199,113.1,36.575,head,open_play,from_goal_kick,0,0,1,0,0,0,0,0,0,1,3857299,FIFA World Cup,2022,33,49,Goal,0.20083603
26.126806157661143,11.980509918157619,100.6,17.5,right_foot,open_play,from_throw_in,0,0,0,1,0,0,0,0,0,0,3857299,FIFA World Cup,2022,44,49,Off T,0.010946972
3.7343841527084494,87.46917287648988,118.3,31.675,head,open_play,from_corner,0,0,1,0,0,1,0,0,1,0,3857299,FIFA World Cup,2022,49,30,Off T,0.21468838
18.523907693842574,18.64593522069328,104.8,45.5875,left_foot,open_play,from_throw_in,0,0,0,1,0,0,0,0,0,0,3857299,FIFA World Cup,2022,49,38,Off T,0.07450179
8.882435265736538,43.18952808249901,111.6,32.1125,head,open_play,from_throw_in,0,0,1,0,0,0,0,0,0,0,3857299,FIFA World Cup,2022,52,3,Saved,0.07677545
7.531268153505097,51.346641974315574,112.6,33.6,head,open_play,regular_play,0,0,1,0,0,0,1,0,0,1,3857299,FIFA World Cup,2022,57,19,Goal,0.23484395
5.5435914577104235,62.24287034372871,115.5,38.2375,head,open_play,from_throw_in,0,0,1,0,0,1,0,0,0,1,3857299,FIFA World Cup,2022,60,7,Goal,0.16237147
12.637499999999998,28.38364742766036,109.2,28.4375,right_foot,open_play,from_free_kick,0,0,0,1,1,0,0,0,1,0,3857299,FIFA World Cup,2022,67,50,Wayward,0.10557394
13.826989007010885,25.52900554308494,108.4,42.525,left_foot,open_play,from_free_kick,0,0,0,1,1,0,0,0,1,1,3857299,FIFA World Cup,2022,67,52,Goal,0.15416233
29.48110623772452,13.978064424788775,90.9,39.725,left_foot,free_kick,from_free_kick,0,1,0,1,0,0,0,0,1,0,3857299,FIFA World Cup,2022,74,34,Saved,0.034794893
13.119165369793913,22.767337709968153,110.9,25.55,right_foot,open_play,from_corner,0,0,0,1,0,0,0,0,1,0,3857299,FIFA World Cup,2022,75,15,Blocked,0.065267496
15.234751597909298,10.986020747934527,114.2,49.0875,left_foot,open_play,from_corner,0,0,0,1,0,0,0,0,1,0,3857299,FIFA World Cup,2022,75,38,Blocked,0.011154885
11.791475999636349,24.989347799653945,112.0,26.3375,left_foot,open_play,from_corner,0,0,0,1,1,0,0,0,1,0,3857299,FIFA World Cup,2022,75,40,Blocked,0.19109753
23.90016017205743,17.412827792526027,96.1,35.0875,right_foot,open_play,from_corner,0,0,0,1,1,0,0,0,1,0,3857299,FIFA World Cup,2022,82,30,Off T,0.026676558
18.96658657349814,14.572463656452488,107.7,20.5625,left_foot,open_play,from_goal_kick,0,0,0,1,0,0,0,0,0,0,3857299,FIFA World Cup,2022,83,16,Off T,0.03964235
9.970080240399271,34.249993707729466,112.0,29.05,head,open_play,from_free_kick,0,0,1,0,0,1,0,0,1,0,3857299,FIFA World Cup,2022,85,36,Wayward,0.054534186
14.471140461276716,21.22477048435504,109.6,24.9375,right_foot,open_play,from_corner,0,0,0,1,0,0,0,0,1,0,3857299,FIFA World Cup,2022,90,10,Blocked,0.060233038
16.53390456002454,24.786007321135735,103.6,32.9,left_foot,open_play,from_corner,0,0,0,1,0,0,0,0,1,0,3857299,FIFA World Cup,2022,90,13,Blocked,0.064945966
10.734006998786615,26.71266856932412,113.0,43.1375,head,open_play,from_corner,0,0,1,0,0,1,0,0,1,0,3857299,FIFA World Cup,2022,90,53,Saved,0.05996953
17.006767954258684,12.566694740520804,111.6,20.2125,left_foot,open_play,from_corner,0,0,0,1,1,0,0,0,1,0,3857299,FIFA World Cup,2022,93,56,Saved,0.014336902
26.04496112494699,13.315814605206675,98.5,49.7,left_foot,open_play,from_throw_in,0,0,0,1,0,0,0,0,0,0,3857299,FIFA World Cup,2022,99,45,Off T,0.025138553
38.24465853227088,10.361570302344738,83.8,47.3375,left_foot,open_play,regular_play,0,0,0,1,0,0,0,0,0,0,3857299,FIFA World Cup,2022,100,49,Blocked,0.005484339
18.441546166197675,22.18529948930474,101.8,32.025,right_foot,open_play,from_throw_in,0,0,0,1,0,1,0,0,0,0,3857293,FIFA World Cup,2022,15,0,Saved,0.07146578
12.0,33.92341177306582,108.0,35.0,left_foot,penalty,other,1,0,0,1,0,0,0,0,1,0,3857293,FIFA World Cup,2022,20,12,Saved,0.7835
16.336481414307062,20.865960095372913,106.8,25.375,right_foot,open_play,regular_play,0,0,0,1,1,0,0,0,0,0,3857293,FIFA World Cup,2022,22,15,Blocked,0.15781382
12.779304558543087,29.10185795730909,108.6,29.225,right_foot,open_play,regular_play,0,0,0,1,0,0,0,0,0,0,3857293,FIFA World Cup,2022,25,28,Saved,0.2733873
3.0953846691485674,104.60278309860206,118.0,37.3625,head,open_play,regular_play,0,0,1,0,0,0,1,1,0,1,3857293,FIFA World Cup,2022,25,30,Goal,0.71106935
11.997082978791138,27.289660759207997,110.8,27.3,right_foot,open_play,from_free_kick,0,0,0,1,1,1,0,0,1,1,3857293,FIFA World Cup,2022,31,2,Goal,0.16736692
25.803984672914375,15.846435574250274,94.7,40.075,left_foot,open_play,from_throw_in,0,0,0,1,0,0,0,0,0,0,3857293,FIFA World Cup,2022,36,13,Blocked,0.041819587
13.676079710574957,29.644635112009666,106.5,37.1875,head,open_play,from_free_kick,0,0,1,0,0,1,0,0,1,0,3857293,FIFA World Cup,2022,49,25,Off T,0.03238874
17.983117082419277,19.863826559779753,104.7,44.45,right_foot,open_play,from_throw_in,0,0,0,1,0,0,0,0,0,0,3857293,FIFA World Cup,2022,45,56,Off T,0.08441304
13.843861455533279,27.17161610707096,107.5,29.05,right_foot,open_play,from_throw_in,0,0,0,1,0,0,0,0,0,0,3857293,FIFA World Cup,2022,64,30,Off T,0.099497445
31.47574711186376,11.638448491543611,92.5,19.6875,right_foot,open_play,from_throw_in,0,0,0,1,1,0,0,0,0,0,3857293,FIFA World Cup,2022,69,30,Saved,0.0066686436
31.662105208750727,11.299980769323495,93.0,18.4625,right_foot,open_play,from_throw_in,0,0,0,1,0,0,0,0,0,0,3857293,FIFA World Cup,2022,69,56,Off T,0.008103582
25.10338622576643,16.087164953795888,95.7,41.3,right_foot,open_play,from_goal_kick,0,0,0,1,0,0,0,0,0,0,3857293,FIFA World Cup,2022,70,46,Off T,0.04665373
68.65311354920475,5.427221254139031,59.0,3.5,right_foot,open_play,regular_play,0,0,0,1,0,0,0,0,0,0,3857293,FIFA World Cup,2022,76,52,Off T,0.003913026
14.778700890132397,20.371472722535504,109.6,24.5,left_foot,open_play,from_goal_kick,0,0,0,1,0,0,1,0,0,0,3857293,FIFA World Cup,2022,78,51,Off T,0.12024433
23.32900555103025,17.740069090276645,96.8,37.45,left_foot,open_play,regular_play,0,0,0,1,0,0,0,0,0,0,3857293,FIFA World Cup,2022,80,50,Saved,0.05586675
12.406550689051329,32.008516597821234,108.0,38.15,left_foot,open_play,regular_play,0,0,0,1,0,0,0,0,0,0,3857293,FIFA World Cup,2022,94,0,Blocked,0.10750313
28.225,14.161907316313622,93.0,43.225,right_foot,open_play,regular_play,0,0,0,1,0,0,0,0,0,0,3857293,FIFA World Cup,2022,94,18,Saved,0.030132728
22.500569437238692,16.93315549082009,99.5,44.275,right_foot,open_play,from_throw_in,0,0,0,1,0,0,0,0,0,0,3857293,FIFA World Cup,2022,95,18,Saved,0.081227794
11.50350490068136,34.57917734689343,108.8,37.625,right_foot,open_play,regular_play,0,0,0,1,1,0,0,0,0,0,3857293,FIFA World Cup,2022,96,3,Off T,0.103292696
29.09379497848295,14.10669408265548,91.4,29.6625,right_foot,free_kick,from_free_kick,0,1,0,1,0,0,0,0,1,0,3857293,FIFA World Cup,2022,99,30,Saved,0.0429242
9.187568026959035,38.07425772531299,112.4,40.1625,right_foot,open_play,regular_play,0,0,0,1,1,0,0,0,0,0,3857291,FIFA World Cup,2022,4,25,Off T,0.20824905
17.510715469391876,23.598549024738972,102.5,35.6125,left_foot,open_play,from_throw_in,0,0,0,1,1,0,0,0,0,0,3857291,FIFA World Cup,2022,8,9,Off T,0.1501565
7.724322381283684,50.6172155922689,112.3,34.3875,right_foot,open_play,from_throw_in,0,0,0,1,0,0,1,0,0,1,3857291,FIFA World Cup,2022,10,52,Goal,0.48925844
15.329403934921933,25.129954162413316,105.8,29.225,left_foot,open_play,regular_play,0,0,0,1,1,0,0,0,0,1,3857291,FIFA World Cup,2022,20,32,Goal,0.09218961
11.900321686828475,34.19033371584598,108.1,35.0875,right_foot,penalty,other,1,0,0,1,0,0,0,0,1,1,3857291,FIFA World Cup,2022,30,9,Goal,0.7835
29.673989030799344,13.435741761730885,91.7,26.075,left_foot,open_play,from_free_kick,0,0,0,1,0,0,0,0,1,0,3857291,FIFA World Cup,2022,42,20,Blocked,0.015886325
12.623298152622397,25.47583054073478,110.5,26.6875,left_foot,open_play,regular_play,0,0,0,1,0,0,0,0,0,0,3857291,FIFA World Cup,2022,49,16,Off T,0.04809784
20.127721089333487,20.020933293648138,100.5,39.9875,left_foot,open_play,from_throw_in,0,0,0,1,0,0,0,0,0,0,3857291,FIFA World Cup,2022,47,37,Off T,0.08547543
9.784713843541875,25.226980279417443,114.7,43.225,left_foot,open_play,from_corner,0,0,0,1,0,0,0,0,1,1,3857291,FIFA World Cup,2022,53,41,Goal,0.10498973
30.668593972498968,12.465361897447831,92.0,22.4875,right_foot,open_play,from_free_kick,0,0,0,1,0,0,0,0,1,0,3857291,FIFA World Cup,2022,61,13,Off T,0.017297672
14.630874888399532,16.2686654396949,112.0,47.25,right_foot,open_play,from_free_kick,0,0,0,1,0,0,1,0,1,0,3857291,FIFA World Cup,2022,62,42,Off T,0.06487478
13.481335477244087,22.868176628131536,110.3,25.6375,head,open_play,from_free_kick,0,0,1,0,0,0,0,0,1,0,3857291,FIFA World Cup,2022,69,3,Saved,0.033574425
17.741353527845614,22.43710223396935,103.0,40.075,right_foot,open_play,from_free_kick,0,0,0,1,1,0,0,0,1,1,3857291,FIFA World Cup,2022,73,59,Goal,0.056229107
10.300371655916107,39.12198526737769,109.7,35.0875,right_foot,open_play,regular_play,0,0,0,1,1,0,0,0,0,1,3857291,FIFA World Cup,2022,89,11,Goal,0.33333436
16.307130342276658,24.881501289953825,104.0,31.85,left_foot,open_play,from_keeper,0,0,0,1,1,0,0,0,0,1,3857291,FIFA World Cup,2022,91,57,Goal,0.16366571
17.636188824403078,23.28638376293045,102.5,37.1875,right_foot,open_play,regular_play,0,0,0,1,1,0,0,0,0,0,3857291,FIFA World Cup,2022,95,14,Off T,0.10654532
26.22785077451067,10.15206193324403,103.5,14.6125,right_foot,free_kick,from_free_kick,0,1,0,1,0,0,0,0,1,0,3857291,FIFA World Cup,2022,97,27,Blocked,0.008599174
10.866577197995701,36.02453557469268,109.6,31.85,head,open_play,regular_play,0,0,1,0,0,1,1,0,0,1,3857281,FIFA World Cup,2022,1,8,Goal,0.08130363
10.866922287382016,36.28375829167146,109.5,32.2,right_foot,open_play,regular_play,0,0,0,1,1,0,0,0,0,0,3857281,FIFA World Cup,2022,21,32,Saved,0.4341785
13.363102184747369,24.112948227106695,109.9,43.75,right_foot,open_play,from_throw_in,0,0,0,1,0,0,1,0,0,0,3857281,FIFA World Cup,2022,34,52,Saved,0.24546398
10.992525869880863,21.89880032697362,114.1,25.725,left_foot,open_play,from_corner,0,0,0,1,1,0,0,0,1,1,3857281,FIFA World Cup,2022,35,53,Goal,0.14639324
19.016312898403832,21.771641633313042,101.0,34.2125,right_foot,open_play,from_free_kick,0,0,0,1,0,0,0,0,1,1,3857281,FIFA World Cup,2022,43,32,Goal,0.13916126
22.139137432384306,18.10992932161282,98.7,28.9625,left_foot,open_play,regular_play,0,0,0,1,0,0,0,0,0,0,3857281,FIFA World Cup,2022,46,25,Off T,0.059277993
23.430565640846147,16.519007974595734,98.3,43.8375,right_foot,open_play,regular_play,0,0,0,1,0,0,0,0,0,0,3857281,FIFA World Cup,2022,48,25,Off T,0.03829635
11.942211112268946,33.760242535544,108.2,36.8375,right_foot,open_play,regular_play,0,0,0,1,1,0,0,0,0,0,3857281,FIFA World Cup,2022,53,44,Saved,0.24875651
23.60016220812899,17.630716211647425,96.4,34.9125,right_foot,open_play,from_free_kick,0,0,0,1,1,0,0,0,1,0,3857281,FIFA World Cup,2022,55,17,Saved,0.052886155
23.139741922718155,15.814037931481908,99.8,46.2875,right_foot,open_play,from_keeper,0,0,0,1,0,0,0,0,0,0,3857281,FIFA World Cup,2022,57,26,Blocked,0.023891453
25.639142438857043,12.124903260761426,101.1,52.325,left_foot,free_kick,from_free_kick,0,1,0,1,0,0,0,0,1,0,3857281,FIFA World Cup,2022,62,33,Blocked,0.011981465
14.588870972422782,25.849149356732433,106.8,41.2125,left_foot,open_play,regular_play,0,0,0,1,0,1,0,0,0,1,3857281,FIFA World Cup,2022,69,36,Goal,0.10933437
7.70795044094084,37.934731680144445,115.1,40.95,left_foot,open_play,regular_play,0,0,0,1,1,0,0,0,0,0,3857281,FIFA World Cup,2022,71,5,Wayward,0.1355834
28.46674595031894,14.32385687350026,92.2,28.875,right_foot,open_play,from_throw_in,0,0,0,1,0,0,0,0,0,0,3857281,FIFA World Cup,2022,76,16,Off T,0.019849088
12.388660389646654,13.798549545369966,115.3,23.5375,left_foot,open_play,regular_play,0,0,0,1,0,0,1,0,0,0,3857281,FIFA World Cup,2022,77,50,Saved,0.031612467
9.963213587994591,39.5865832684322,110.3,37.275,left_foot,open_play,regular_play,0,0,0,1,1,0,0,0,0,0,3857281,FIFA World Cup,2022,77,53,Saved,0.30414897
26.827227889776463,13.96780401031291,96.0,23.0125,left_foot,open_play,from_throw_in,0,0,0,1,0,0,0,0,0,0,3857281,FIFA World Cup,2022,81,53,Off T,0.02367336
22.217620400258888,18.381276467670776,98.2,30.7125,right_foot,open_play,from_throw_in,0,0,0,1,1,0,0,0,0,0,3857281,FIFA World Cup,2022,89,22,Saved,0.045590583
22.626481305099126,17.824712393091897,98.1,29.3125,right_foot,open_play,from_free_kick,0,0,0,1,1,0,0,0,1,0,3857281,FIFA World Cup,2022,92,4,Blocked,0.03737635
23.57289558476005,15.467700517644788,99.5,23.3625,right_foot,open_play,from_free_kick,0,0,0,1,0,0,0,0,1,0,3857281,FIFA World Cup,2022,92,14,Off T,0.02121069
11.78836820768676,32.19357460655377,109.2,39.725,left_foot,open_play,regular_play,0,0,0,1,1,0,0,0,0,1,3857281,FIFA World Cup,2022,93,26,Goal,0.68703645
11.366205391422413,35.53940371624549,108.7,33.775,left_foot,open_play,from_throw_in,0,0,0,1,1,0,0,0,0,0,3857280,FIFA World Cup,2022,1,35,Wayward,0.29454654
20.97290290470063,15.99460455288662,103.3,22.3125,left_foot,open_play,from_throw_in,0,0,0,1,0,0,0,0,0,0,3857280,FIFA World Cup,2022,1,45,Wayward,0.038875267
9.507899676058853,37.93592841946797,111.8,30.1875,head,open_play,from_throw_in,0,0,1,0,0,0,1,0,0,0,3857280,FIFA World Cup,2022,13,34,Saved,0.12449543
10.208092684238322,28.013624616837472,113.4,42.7875,head,open_play,from_corner,0,0,1,0,0,0,0,0,1,0,3857280,FIFA World Cup,2022,14,11,Off T,0.044797283
12.419742348374227,32.79814146649221,107.6,34.3,right_foot,open_play,from_free_kick,0,0,0,1,1,0,0,0,1,0,3857280,FIFA World Cup,2022,21,9,Blocked,0.083684884
26.10711409271427,15.898593472255715,94.0,37.3625,right_foot,free_kick,from_free_kick,0,1,0,1,0,0,0,0,1,0,3857280,FIFA World Cup,2022,29,41,Blocked,0.0651609
25.110683109983285,15.448687259976499,96.7,25.6375,right_foot,free_kick,from_free_kick,0,1,0,1,0,0,0,0,1,0,3857280,FIFA World Cup,2022,33,28,Off T,0.06485747
17.977525031271693,18.790868097006644,105.6,45.7625,left_foot,open_play,regular_play,0,0,0,1,0,0,0,0,0,0,3857280,FIFA World Cup,2022,37,6,Saved,0.033440635
19.245583909042615,20.97841721894835,101.3,39.55,right_foot,open_play,from_free_kick,0,0,0,1,0,0,0,0,1,0,3857280,FIFA World Cup,2022,45,55,Saved,0.047920834
15.013410671796068,22.84236229559235,107.8,43.75,right_foot,open_play,from_corner,0,0,0,1,1,1,0,0,1,0,3857280,FIFA World Cup,2022,46,37,Off T,0.06651591
9.174727516389792,33.909923808031145,113.5,41.475,head,open_play,from_goal_kick,0,0,1,0,0,0,0,0,0,0,3857280,FIFA World Cup,2022,47,27,Saved,0.11827337
16.134202800262553,17.290258716629083,109.5,47.25,right_foot,open_play,from_throw_in,0,0,0,1,1,0,0,0,0,0,3857280,FIFA World Cup,2022,50,11,Off T,0.07058843
8.723038819700387,43.401699736075386,111.9,31.7625,right_foot,open_play,from_goal_kick,0,0,0,1,1,0,0,0,0,0,3857280,FIFA World Cup,2022,52,25,Saved,0.27918908
34.24281859018034,10.097292190947607,91.8,15.575,right_foot,open_play,regular_play,0,0,0,1,0,0,0,0,0,0,3857280,FIFA World Cup,2022,53,39,Off T,0.006493906
16.726405957347797,16.963082958949784,108.9,22.4875,right_foot,open_play,from_goal_kick,0,0,0,1,0,0,0,0,0,0,3857280,FIFA World Cup,2022,55,29,Saved,0.038835723
14.71665722914005,27.905153042024946,105.3,34.3,left_foot,open_play,from_corner,0,0,0,1,0,0,0,0,1,0,3857280,FIFA World Cup,2022,56,15,Saved,0.075584605
21.37849386650051,17.40591179661224,101.0,44.8,left_foot,open_play,from_free_kick,0,0,0,1,0,0,0,0,1,0,3857280,FIFA World Cup,2022,57,15,Saved,0.037848417
20.209403751719144,20.428504102536102,99.9,32.9,right_foot,open_play,regular_play,0,0,0,1,0,1,0,0,0,0,3857280,FIFA World Cup,2022,72,12,Off T,0.086029716
27.483520630552412,15.021580562363441,92.8,31.0625,right_foot,open_play,regular_play,0,0,0,1,0,0,0,0,0,0,3857280,FIFA World Cup,2022,77,41,Saved,0.03332142
20.341648316938336,16.208551736507683,104.1,22.3125,right_foot,open_play,from_corner,0,0,0,1,0,0,0,0,1,0,3857280,FIFA World Cup,2022,79,50,Blocked,0.042308386
13.700279422332965,29.913800386877217,106.3,34.9125,right_foot,open_play,from_corner,0,0,0,1,1,0,0,0,1,0,3857280,FIFA World Cup,2022,80,16,Wayward,0.05692788
6.185466837676842,56.335015460243625,114.9,38.5,right_foot,open_play,regular_play,0,0,0,1,1,1,0,0,0,0,3857280,FIFA World Cup,2022,83,30,Blocked,0.14917652
16.977489692236595,22.821980553650835,104.2,41.2125,left_foot,open_play,from_throw_in,0,0,0,1,0,1,0,0,0,0,3857280,FIFA World Cup,2022,88,4,Off T,0.18481041
13.314096148443571,30.71483024903667,106.7,35.6125,head,open_play,regular_play,0,0,1,0,0,0,0,0,0,1,3857280,FIFA World Cup,2022,91,48,Goal,0.05544736
11.411623734158082,35.05888362044705,108.8,32.8125,head,open_play,from_throw_in,0,0,1,0,0,0,0,0,0,0,3857280,FIFA World Cup,2022,95,20,Off T,0.07645427
7.1021563626830915,54.519179233281974,112.9,34.825,head,open_play,regular_play,0,0,1,0,0,0,0,0,0,0,3857280,FIFA World Cup,2022,96,16,Saved,0.17098139
6.021627686929843,57.48413633582452,115.1,31.5,head,open_play,regular_play,0,0,1,0,0,0,0,0,0,0,3857280,FIFA World Cup,2022,97,10,Off T,0.1945778
7.191846511849379,48.412647243446884,114.1,30.8875,right_foot,open_play,from_throw_in,0,0,0,1,1,0,0,0,0,0,3857280,FIFA World Cup,2022,98,29,Off T,0.22043578
25.914872660308404,15.537915478413142,95.0,41.825,left_foot,open_play,from_corner,0,0,0,1,1,0,0,0,1,0,3857279,FIFA World Cup,2022,1,32,Blocked,0.018982504
30.510164802078666,13.676643758855386,89.5,34.2125,right_foot,open_play,from_throw_in,0,0,0,1,0,0,0,0,0,0,3857279,FIFA World Cup,2022,2,25,Off T,0.030384658
9.570274617271961,28.499898139001164,114.2,27.3875,left_foot,open_play,from_throw_in,0,0,0,1,1,0,0,0,0,1,3857279,FIFA World Cup,2022,8,24,Goal,0.19147108
27.800224819234824,14.742075561451456,92.7,29.75,left_foot,open_play,from_corner,0,0,0,1,1,0,0,0,1,0,3857279,FIFA World Cup,2022,12,26,Wayward,0.017692888
29.5239124482173,13.846435675696652,91.1,41.0375,right_foot,open_play,from_throw_in,0,0,0,1,0,0,0,0,0,0,3857279,FIFA World Cup,2022,21,5,Off T,0.017896876
13.634429076789392,18.532737518642787,112.1,46.1125,right_foot,open_play,from_throw_in,0,0,0,1,0,0,0,0,0,0,3857279,FIFA World Cup,2022,25,33,Blocked,0.034694295
8.58035547049189,45.59362594147301,111.6,36.75,head,open_play,from_corner,0,0,1,0,0,0,0,0,1,1,3857279,FIFA World Cup,2022,26,2,Goal,0.16905431
7.701988379632888,50.82707344957064,112.3,34.825,head,open_play,from_corner,0,0,1,0,0,1,1,0,1,0,3857279,FIFA World Cup,2022,28,59,Off T,0.17925091
9.525754563287887,41.95856673763438,110.5,34.3,right_foot,open_play,regular_play,0,0,0,1,1,0,0,0,0,1,3857279,FIFA World Cup,2022,31,18,Goal,0.77927965
16.269296235547497,23.602331187859818,105.0,41.3,right_foot,open_play,from_goal_kick,0,0,0,1,1,0,0,0,0,0,3857279,FIFA World Cup,2022,36,3,Blocked,0.08709453
15.52985531967378,26.47837515916143,104.5,34.0375,right_foot,open_play,from_goal_kick,0,0,0,1,1,0,0,0,0,0,3857279,FIFA World Cup,2022,36,5,Off T,0.14067347
13.591564479485061,29.97483206923908,106.5,33.425,right_foot,open_play,from_throw_in,0,0,0,1,1,0,0,0,0,0,3857279,FIFA World Cup,2022,39,28,Off T,0.08098688
21.52478585840054,18.444850467021784,99.5,41.5625,left_foot,open_play,regular_play,0,0,0,1,1,0,0,0,0,0,3857279,FIFA World Cup,2022,41,54,Off T,0.04884043
7.1021563626830915,54.519179233281974,112.9,35.175,right_foot,open_play,regular_play,0,0,0,1,1,0,0,0,0,0,3857279,FIFA World Cup,2022,44,38,Off T,0.5517509
10.337341292614854,37.788169723822996,110.1,37.975,head,open_play,from_throw_in,0,0,1,0,0,0,0,0,0,0,3857279,FIFA World Cup,2022,46,1,Post,0.083539926
23.71033529918968,17.543003209830296,96.3,35.7,right_foot,open_play,from_free_kick,0,0,0,1,1,0,0,0,1,0,3857279,FIFA World Cup,2022,49,11,Blocked,0.035826564
9.168730828200818,41.02561238468279,111.6,38.675,left_foot,open_play,from_free_kick,0,0,0,1,1,0,0,0,1,0,3857279,FIFA World Cup,2022,49,28,Off T,0.07860331
14.727360803959412,24.210229225783902,107.5,27.2125,right_foot,open_play,from_throw_in,0,0,0,1,1,0,0,0,0,0,3857279,FIFA World Cup,2022,60,12,Blocked,0.12751806
13.844815139610928,23.91388996926243,109.2,26.3375,left_foot,open_play,from_corner,0,0,0,1,0,0,0,0,1,0,3857279,FIFA World Cup,2022,62,0,Blocked,0.07606661
7.0,55.20627938669628,113.0,35.0,head,open_play,from_corner,0,0,1,0,0,1,0,0,1,0,3857279,FIFA World Cup,2022,62,31,Off T,0.096129
17.65509841377272,16.40768955474721,108.0,22.05,right_foot,open_play,from_free_kick,0,0,0,1,0,0,0,0,1,0,3857279,FIFA World Cup,2022,63,51,Blocked,0.027555656
15.071351133856583,26.721162137964964,105.3,31.675,left_foot,open_play,regular_play,0,0,0,1,1,0,0,0,0,0,3857279,FIFA World Cup,2022,66,30,Blocked,0.17584424
14.061122154721506,9.690842715462793,115.7,21.6125,left_foot,open_play,regular_play,0,0,0,1,1,0,0,0,0,0,3857279,FIFA World Cup,2022,66,54,Wayward,0.013371275
6.779057825391371,55.615318056215436,113.5,36.925,head,open_play,regular_play,0,0,1,0,0,1,0,0,0,1,3857279,FIFA World Cup,2022,67,3,Goal,0.14142905
6.886626532635554,54.42700551768729,113.5,37.275,head,open_play,from_free_kick,0,0,1,0,0,0,0,0,1,1,3857279,FIFA World Cup,2022,70,50,Goal,0.16888039
7.994412110968517,48.861513078515316,112.1,36.225,head,open_play,from_corner,0,0,1,0,0,0,0,0,1,0,3857279,FIFA World Cup,2022,89,2,Saved,0.07988335
9.981114980301552,31.434252341680544,112.8,28.0875,head,open_play,from_throw_in,0,0,1,0,0,1,0,0,0,0,3857279,FIFA World Cup,2022,90,25,Saved,0.041087516
8.858646905707444,35.74831021220373,113.6,41.125,right_foot,open_play,from_goal_kick,0,0,0,1,1,0,0,0,0,1,3857262,FIFA World Cup,2022,4,53,Goal,0.29158956
17.158106684596643,3.726033932700202,117.5,18.025,right_foot,open_play,from_throw_in,0,0,0,1,0,0,0,0,0,0,3857262,FIFA World Cup,2022,14,4,Saved,0.010523141
19.785348114198044,12.552734034156712,108.5,18.9,right_foot,open_play,from_free_kick,0,0,0,1,0,0,0,0,1,0,3857262,FIFA World Cup,2022,15,21,Blocked,0.011031977
11.322985472038729,29.571448272193013,111.1,28.0,head,open_play,from_corner,0,0,1,0,0,0,0,0,1,0,3857262,FIFA World Cup,2022,16,9,Saved,0.040536147
3.7353045391239497,88.67931907762903,116.7,33.25,left_foot,open_play,from_corner,0,0,0,1,1,0,0,0,1,1,3857262,FIFA World Cup,2022,26,43,Goal,0.6242964
23.06221205782307,17.107449509639185,98.2,27.475,left_foot,open_play,from_free_kick,0,0,0,1,1,0,0,0,1,0,3857262,FIFA World Cup,2022,30,18,Blocked,0.020656463
27.200000000000003,15.327242414329403,92.8,35.0,left_foot,open_play,regular_play,0,0,0,1,0,0,0,0,0,0,3857262,FIFA World Cup,2022,33,57,Saved,0.036435805
28.83461732449384,14.258712382709524,91.6,39.9875,right_foot,open_play,from_corner,0,0,0,1,1,0,0,0,1,0,3857262,FIFA World Cup,2022,34,33,Saved,0.017112639
17.08153699905252,13.883532798018656,110.6,49.2625,right_foot,open_play,from_free_kick,0,0,0,1,1,0,0,0,1,0,3857262,FIFA World Cup,2022,36,40,Blocked,0.022429451
25.66448177929958,16.07379869014544,94.6,38.675,left_foot,open_play,from_throw_in,0,0,0,1,0,0,0,0,0,0,3857262,FIFA World Cup,2022,39,55,Saved,0.024709688
32.003888923847995,11.222559927948865,92.6,51.5375,right_foot,open_play,from_keeper,0,0,0,1,0,0,0,0,0,0,3857262,FIFA World Cup,2022,40,32,Off T,0.007849269
23.00633404630125,17.484106133924758,97.8,41.0375,right_foot,open_play,from_throw_in,0,0,0,1,0,0,0,0,0,0,3857262,FIFA World Cup,2022,41,37,Saved,0.03675865
8.51061836766283,42.15005808584224,112.7,30.625,head,open_play,from_throw_in,0,0,1,0,0,0,1,0,0,0,3857262,FIFA World Cup,2022,41,39,Off T,0.28873095
15.979381245843035,25.407739966768123,104.3,37.975,left_foot,open_play,regular_play,0,0,0,1,0,0,0,0,0,0,3857262,FIFA World Cup,2022,43,40,Saved,0.11468789
18.76013059656036,21.480486933227578,101.8,39.55,right_foot,open_play,from_goal_kick,0,0,0,1,0,0,0,0,0,0,3857262,FIFA World Cup,2022,46,15,Blocked,0.052517958
20.14184465857087,16.13085706887166,104.5,47.8625,right_foot,open_play,regular_play,0,0,0,1,1,0,0,0,0,0,3857262,FIFA World Cup,2022,55,33,Blocked,0.023785131
24.07018708381802,15.951377480811923,97.9,44.5375,left_foot,open_play,from_corner,0,0,0,1,1,0,0,0,1,0,3857262,FIFA World Cup,2022,56,13,Off T,0.021393217
22.764119931374466,17.61783601439494,98.1,41.2125,left_foot,open_play,from_goal_kick,0,0,0,1,0,0,0,0,0,0,3857262,FIFA World Cup,2022,65,35,Saved,0.039930075
22.021413584281998,18.5365506138805,98.4,30.7125,left_foot,open_play,regular_play,0,0,0,1,0,0,0,0,0,0,3857262,FIFA World Cup,2022,66,30,Saved,0.100738145
14.305593311708542,18.810655114040546,111.1,46.2,right_foot,open_play,from_free_kick,0,0,0,1,1,0,0,0,1,0,3857262,FIFA World Cup,2022,69,50,Blocked,0.04621987
29.035764584387998,12.871513428444151,94.1,48.125,right_foot,open_play,from_counter,0,0,0,1,0,0,0,0,0,0,3857262,FIFA World Cup,2022,71,22,Off T,0.029762346
33.04013657659423,12.256489400400264,88.0,43.225,left_foot,free_kick,from_free_kick,0,1,0,1,0,0,0,0,1,0,3857262,FIFA World Cup,2022,73,25,Off T,0.023724081
31.200490781396375,13.380902977495172,88.8,35.175,right_foot,open_play,from_throw_in,0,0,0,1,0,0,0,0,0,0,3857262,FIFA World Cup,2022,80,14,Blocked,0.021024177
15.31912611737367,14.645787241195004,112.1,21.875,left_foot,open_play,from_throw_in,0,0,0,1,0,0,0,0,0,0,3857262,FIFA World Cup,2022,89,41,Blocked,0.04430043
12.372979633055252,31.511561427631197,108.3,39.025,right_foot,open_play,from_counter,0,0,0,1,1,0,0,0,0,1,3857262,FIFA World Cup,2022,90,28,Goal,0.42196128
